file	map	dur	bots	human	stalls	stall_pm	stall_max_bot	freezes	fz_max	fz_fire	routefail	rf_pm	trapped	abandon	unstick	engage	eng_pm	pursue	retreat	grab	goal	weapon	hazard	haz_pm	bot_deaths	bot_world	bot_lava_z	bot_lava_obit	bot_kills_human	human_kills_bot	human_deaths	human_world	bot_kills_bot	human_frg	bot_frg	frag_spread	cells	cells_pm	avg_spd	mode2	doors	lifts	boards	trains	jumps	rjump	swim	hunch	prefire	watch	shove
shane_dm2_snddbg.log	dm2	52	3	player	11	12.7	8	0	0	0	31	35.8	3	0	0	18	20.8	20	0	0	50	2	56	64.6	9	0	0	0	1	1	1	0	5		Zeus=1;Omi=0;Reap=2	2	196	226.2	253	40	0	1	0	0	14	0	0	0	0	0	0
shane_dm4_2026-08-14.log	dm4	96	3	player	30	18.8	14	0	0	0	11	6.9	0	3	0	26	16.3	0	0	0	88	0	0	0.0	17	11	11	0	0	3	1	1	3		Zeus=-3;Omi=-4;Reap=-2	2	312	195.6	203	69	0	0	0	0	44	0	90	0	0	0	0
shane_dm4_2026-08-14_v31.log	dm4	139	3	player	18	7.7	10	0	0	0	18	7.7	0	1	0	72	31.0	0	0	0	202	0	208	89.5	24	1	1	0	3	9	5	2	14		Zeus=4;Omi=3;Reap=9	6	415	178.6	260	77	0	0	0	0	31	0	0	0	0	0	0
shane_dm4_2026-08-14_v32.log	dm4	111	3	player	25	13.5	14	0	0	0	8	4.3	0	2	0	42	22.7	0	0	0	128	17	159	86.1	14	0	0	0	6	5	6	0	9		Zeus=7;Omi=3;Reap=5	4	300	162.5	242	79	0	0	0	0	55	0	0	0	0	0	0
shane_dm4_2026-08-17_jumps.log	dm4	173	3	player	46	16.0	30	0	0	0	21	7.3	0	5	0	58	20.2	0	0	0	176	34	200	69.5	12	3	3	0	2	0	3	1	9		Zeus=2;Omi=4;Reap=2	2	415	144.3	227	70	0	0	0	0	55	0	22	0	0	0	0
shane_dm4_2026-08-17_night.log	dm4	290	3	player	24	5.0	10	0	0	0	26	5.4	0	37	0	129	26.7	116	0	0	256	50	449	92.8	50	11	11	11	11	11	13	2	27		Zeus=6;Omi=11;Reap=9	5	666	137.7	259	59	0	0	0	0	61	0	46	0	0	0	0
shane_dm4_2026-08-17_v33.log	dm4	62	3	player	26	25.3	10	0	0	0	15	14.6	0	2	0	17	16.6	0	0	0	76	4	70	68.2	7	2	2	0	2	4	3	1	1		Zeus=0;Omi=0;Reap=1	1	180	175.3	224	82	0	0	0	0	52	0	11	0	0	0	0
shane_dm4_2026-08-17_v34.log	dm4	115	3	player	28	14.6	14	1	17.7	0	21	10.9	0	2	0	51	26.6	0	0	0	144	23	140	73.0	13	0	0	0	7	1	7	0	12		Zeus=6;Omi=9;Reap=4	5	300	156.4	231	78	0	0	0	0	46	0	0	0	0	0	0
shane_dm4_2026-08-17_v36.log	dm4	154	3	player	40	15.5	17	0	0	0	48	18.6	0	3	0	63	24.5	0	0	0	245	27	211	81.9	26	3	3	3	5	9	5	0	14		Zeus=4;Omi=5;Reap=7	3	404	156.9	224	74	0	0	0	0	88	0	34	0	0	0	0
shane_dm4_2026-08-17_v36b.log	dm4	99	3	player	30	18.2	15	0	0	0	19	11.5	0	2	0	44	26.7	0	0	0	133	34	134	81.2	12	1	1	1	7	2	7	0	9		Zeus=3;Omi=4;Reap=8	5	287	173.9	225	80	0	0	0	0	38	0	5	0	0	0	0
shane_dm4_2026-08-17_v37.log	dm4	192	3	player	30	9.4	14	0	0	0	8	2.5	0	10	0	104	32.6	0	0	0	176	69	284	89.0	38	3	3	3	10	12	10	0	22		Zeus=8;Omi=13;Reap=6	7	498	156.0	243	63	0	0	0	0	59	0	22	0	0	0	0
shane_dm4_2026-08-17_v38.log	dm4	176	3	player	36	12.2	19	0	0	0	11	3.7	0	10	0	107	36.4	0	0	0	149	48	212	72.1	29	2	2	2	20	2	20	0	24		Zeus=23;Omi=8;Reap=9	15	467	158.8	247	69	0	0	0	0	104	0	10	0	0	0	0
shane_dm4_2026-08-17_v39.log	dm4	228	3	player	42	11.0	23	0	0	0	10	2.6	0	24	0	116	30.5	0	0	0	193	63	310	81.5	33	4	4	4	18	5	18	0	21		Zeus=4;Omi=13;Reap=15	11	514	135.2	245	59	0	0	0	0	123	0	19	0	0	0	0
shane_dm4_2026-08-17_v310.log	dm4	250	3	player	51	12.2	22	0	0	0	8	1.9	0	7	0	129	30.9	95	0	0	187	61	362	86.7	46	2	2	2	16	8	17	1	35		Zeus=12;Omi=18;Reap=18	6	583	139.6	243	62	0	0	0	0	86	0	9	0	0	0	0
shane_dm4_2026-08-17_v311.log	dm4	150	3	player	16	6.4	10	0	0	0	21	8.4	0	26	0	70	28.0	53	0	0	133	31	233	93.1	24	2	2	2	9	5	10	1	16		Zeus=6;Omi=7;Reap=9	3	437	174.7	262	57	0	0	0	0	26	0	14	0	0	0	0
shane_dm4_2026-08-17_v312.log	dm4	184	3	player	19	6.2	8	0	0	0	10	3.3	0	13	0	84	27.4	63	0	0	144	24	279	91.0	31	1	1	1	8	7	11	3	21		Zeus=9;Omi=11;Reap=6	5	514	167.7	255	55	0	0	0	0	54	0	2	0	0	0	0
shane_dm4_2026-08-17_v313.log	dm4	92	4	player	10	6.6	10	0	0	0	6	3.9	0	4	0	52	34.1	25	0	0	78	12	125	82.0	16	0	0	0	7	0	7	0	15		Zeus=3;Omi=2;Reap=8;Ares=1	7	318	208.5	253	59	0	0	0	0	36	0	3	0	0	0	0
shane_dm4_2026-08-17_v314.log	dm4	22	3	player	2	5.4	1	0	0	0	2	5.4	0	2	0	11	29.5	5	0	0	27	11	37	99.1	5	2	2	2	1	1	1	0	2		Zeus=-1;Omi=-1;Reap=2	3	91	243.7	238	62	0	0	0	0	2	0	11	0	0	0	0
shane_dm2_2026-08-18.log	dm2	493	3	player	167	20.3	77	0	0	0	386	47.0	0	33	0	107	13.0	98	0	0	521	11	694	84.5	61	3	0	3	3	26	4	1	29		Zeus=6;Omi=6;Reap=14	8	835	101.7	206	63	0	30	0	0	196	0	19	0	0	0	0
shane_dm4_2026-08-18_v316.log	dm4	284	3	player	33	7.0	16	0	0	0	16	3.4	0	10	0	147	31.1	117	0	0	128	85	400	84.7	55	3	3	3	22	14	24	2	34		Zeus=15;Omi=12;Reap=22	10	607	128.5	252	74	0	0	0	0	46	0	17	0	0	0	0
shane_dm6_2026-08-18_v316.log	dm6	287	3	player	20	4.2	9	1	12.7	0	16	3.3	0	11	0	108	22.6	106	0	0	139	90	241	50.4	32	0	0	0	18	4	18	0	26		Zeus=11;Omi=19;Reap=12	8	825	172.6	267	66	0	0	0	0	85	0	0	0	0	0	0
shane_2026-08-18_v320.log	dm4	103	3	player	5	2.9	3	0	0	0	7	4.1	0	0	0	54	31.5	24	0	0	54	36	155	90.3	21	1	1	1	5	6	5	0	14		Zeus=4;Omi=5;Reap=9	5	312	181.7	242	63	0	0	0	0	12	1	7	0	0	0	0
shane_dm2_2026-08-18_v325b.log	dm2	485	3	player	128	15.8	52	0	0	0	346	42.8	25	16	0	149	18.4	158	0	0	510	35	532	65.8	99	1	0	1	9	23	10	1	40		Zeus=-5;Omi=7;Reap=17	22	912	112.8	226	69	0	31	0	0	179	0	6	0	0	0	0
shane_dm2_2026-08-18_v329.log	dm2	624	3	player	189	18.2	74	0	0	0	425	40.8	25	14	0	182	17.5	215	0	0	651	51	706	67.9	110	0	0	0	9	37	9	0	38		Zeus=10;Omi=2;Reap=10	8	996	95.7	216	74	0	48	0	0	251	2	0	0	0	0	0
shane_dm2_2026-08-18_v330.log	dm2	257	3	player	71	16.6	30	0	0	0	114	26.6	8	8	0	73	17.0	79	0	0	202	28	295	68.8	38	1	0	1	5	7	5	0	19		Zeus=4;Omi=5;Reap=5	1	654	152.6	224	66	0	18	0	0	96	0	12	0	0	0	0
shane_dm2_2026-08-18_v333.log	dm2	406	3	player	90	13.3	46	0	0	0	266	39.3	18	4	0	128	18.9	123	0	0	462	45	432	63.9	76	2	0	0	13	16	14	1	35		Zeus=8;Omi=11;Reap=6	5	861	127.3	234	72	0	21	0	0	135	2	0	0	0	0	0
shane_dm2_2026-08-18_v334.log	dm2	375	3	player	119	19.1	49	0	0	0	226	36.2	14	6	0	100	16.0	123	0	0	370	29	455	72.8	67	1	0	0	1	23	2	1	23		Zeus=5;Omi=-3;Reap=3	8	812	130.0	216	67	0	25	0	0	141	3	0	0	0	0	0
shane_dm2_2026-08-19_v336.log	dm2	259	3	player	43	10.0	16	0	0	0	272	63.1	14	7	0	72	16.7	115	0	0	393	12	253	58.7	50	1	0	1	2	13	2	0	18		Joe Rogan=1;Romero=4;Carmack=-1	5	694	161.0	233	62	26	11	0	0	73	1	13	0	0	0	0
shane_dm2_2026-08-19_v337.log	dm2	192	3	player	45	14.1	28	2	7.1	2	176	55.0	8	12	0	48	15.0	72	0	0	234	23	205	64.1	24	1	0	1	2	6	4	2	8		Joe Rogan=0;Romero=0;Carmack=2	2	538	168.2	223	64	70	16	0	0	59	0	27	0	0	0	0
shane_dm2_2026-08-19_v340.log	dm2	196	3	player	42	12.9	17	0	0	0	42	12.9	3	26	0	50	15.3	44	0	0	135	8	184	56.3	29	1	0	0	4	11	4	0	10		Joe Rogan=4;Romero=2;Carmack=4	2	454	138.9	207	73	36	6	0	0	91	0	0	0	0	0	0
shane_dm2_2026-08-19_v341.log	dm2	56	3	player	15	16.0	9	0	0	0	8	8.5	0	2	0	11	11.7	25	0	0	27	2	70	74.7	6	0	0	0	0	2	1	1	3		Joe Rogan=2;Romero=0;Carmack=1	2	186	198.6	213	56	2	2	0	1	20	0	0	0	0	0	0
shane_dm2_2026-08-19_v342.log	dm2	125	3	player	37	17.7	24	0	0	0	36	17.2	1	9	0	23	11.0	31	0	0	92	8	179	85.7	15	1	0	0	1	7	1	0	6		Joe Rogan=2;Romero=-1;Carmack=5	6	354	169.5	221	69	14	27	0	0	53	0	0	0	0	0	0
shane_dm2_2026-08-19_v342b.log	dm2	34	3	player	5	8.8	3	0	0	0	4	7.0	0	1	0	7	12.3	7	0	0	16	2	35	61.6	2	0	0	0	2	1	2	0	1		Joe Rogan=1;Romero=1;Carmack=1	0	127	223.5	250	37	4	1	0	0	12	0	0	0	0	0	0
shane_dm2_2026-08-19_v343.log	dm2	16	3	player	0	0.0	0	0	0	0	0	0.0	0	0	0	4	15.2	1	0	0	0	1	19	72.2	1	0	0	0	1	0	1	0	1		Joe Rogan=1;Romero=0;Carmack=1	1	71	269.6	284	0	0	0	0	0	0	0	0	0	0	0	0
shane_dm2_2026-08-19_v344.log	dm2	157	3	player	18	6.9	7	0	0	0	49	18.8	3	9	0	44	16.8	57	0	0	118	10	191	73.1	23	1	0	1	4	8	7	3	11		Joe Rogan=3;Romero=3;Carmack=5	2	500	191.3	240	80	26	6	0	2	44	0	7	0	0	0	0
shane_dm2_2026-08-19_v344b.log	dm2	190	3	player	13	4.1	6	1	6.6	0	60	18.9	3	9	0	45	14.2	84	0	0	135	6	209	66.0	28	0	0	0	1	13	1	0	10		Joe Rogan=5;Romero=2;Carmack=0	5	579	182.7	247	77	29	9	0	10	39	1	0	0	0	0	0
shane_dm2_2026-08-19_v344c.log	dm2	77	3	player	13	10.1	9	0	0	0	18	14.0	1	2	0	20	15.6	31	0	0	46	6	86	66.9	9	0	0	0	2	4	3	1	4		Joe Rogan=2;Romero=4;Carmack=-1	5	276	214.8	247	84	4	10	0	0	23	0	0	0	0	0	0
shane_dm2_2026-08-19_v345.log	dm2	188	3	player	43	13.7	29	2	7.1	0	46	14.7	2	11	0	30	9.6	47	0	0	114	29	279	88.9	18	0	0	0	1	8	1	0	7		Joe Rogan=0;Romero=1;Carmack=5	5	444	141.5	227	80	19	33	0	157	66	0	0	0	0	0	0
shane_dm2_2026-08-19_v346.log	dm2	112	3	player	19	10.1	7	1	6.6	0	52	27.8	0	9	0	28	14.9	28	0	0	107	15	148	79.0	13	0	0	0	2	5	3	1	5		Joe Rogan=3;Romero=2;Carmack=1	2	390	208.2	232	80	15	10	0	11	42	0	0	0	0	0	0
shane_dm2_2026-08-19_v347.log	dm2	192	3	player	23	7.2	11	0	0	0	53	16.5	3	10	0	58	18.1	53	0	0	137	11	189	59.0	26	0	0	0	4	8	4	0	13		Joe Rogan=2;Romero=4;Carmack=7	5	573	178.8	234	79	89	9	0	2	71	0	0	0	0	0	0
shane_dm2_2026-08-19_v352.log	dm2	412	3	player	61	8.9	21	7	17.9	2	137	20.0	4	28	0	101	14.7	119	0	0	318	51	426	62.1	46	2	0	2	7	13	9	2	25		Joe Rogan=10;Romero=4;Carmack=10	6	902	131.5	209	78	23	16	0	14	179	3	25	0	0	0	0
shane_dm2_2026-08-20_v356.log	dm2	153	3	player	20	7.8	9	3	8.7	0	42	16.4	2	8	0	43	16.8	34	0	0	110	8	221	86.6	22	1	0	0	4	8	4	0	11		Joe Rogan=3;Romero=5;Carmack=5	2	446	174.7	209	79	12	13	0	0	43	0	0	0	0	0	0
shane_dm2_2026-08-20_v357.log	dm2	276	3	player	38	8.2	18	1	14.7	0	64	13.9	3	12	0	62	13.5	116	20	0	180	33	328	71.2	30	0	0	0	3	7	5	2	19		Joe Rogan=9;Romero=6;Carmack=4	5	673	146.0	224	76	97	16	0	2	91	0	0	0	0	0	0
shane_dm2_2026-08-20_v363.log	dm2	587	3	player	62	6.3	26	7	19.4	2	202	20.6	4	28	0	121	12.4	207	70	123	423	59	695	71.0	80	1	0	1	2	39	5	3	30		Joe Rogan=12;Romero=11;Carmack=3	9	1128	115.2	225	80	129	22	0	13	169	1	12	0	0	0	0
shane_dm2_2026-08-20_v365.log	dm2	398	3	player	52	7.8	22	3	7.6	1	105	15.8	6	24	0	79	11.9	129	22	62	256	26	514	77.5	44	1	0	1	5	14	9	4	16		Joe Rogan=7;Romero=3;Carmack=4	4	787	118.6	209	82	107	21	19	10	95	2	38	0	0	0	0
shane_dm2_2026-08-20_v365b.log	dm2	329	3	player	45	8.2	22	1	11.1	0	70	12.8	5	20	0	76	13.9	127	45	73	196	47	449	81.9	38	1	0	1	3	12	5	2	17		Joe Rogan=10;Romero=2;Carmack=1	9	771	140.7	218	79	66	17	17	11	87	1	0	0	0	0	0
shane_dm2_2026-08-20_v366.log	dm2	496	3	player	68	8.2	27	1	8.7	0	173	20.9	5	29	0	122	14.8	177	43	87	368	76	686	83.0	56	0	0	0	13	16	13	0	22	player=23	Joe Rogan=15;Romero=2;Carmack=12	13	975	117.9	235	69	86	15	15	11	164	1	0	0	0	0	0
shane_dm2_2026-08-20_v367.log	dm2	340	3	player	49	8.6	21	1	9.1	1	107	18.9	7	12	0	79	13.9	130	25	80	234	55	460	81.1	50	1	0	1	7	18	7	0	18	player=23	Joe Rogan=3;Romero=10;Carmack=3	7	862	151.9	236	72	40	7	7	3	94	1	15	0	0	0	0
shane_dm2_2026-08-21_v367b.log	dm2	397	3	player	47	7.1	21	2	16.2	1	147	22.2	5	29	0	81	12.2	177	25	77	271	21	508	76.8	46	4	0	3	2	21	4	2	15	player=19	Joe Rogan=4;Romero=1;Carmack=3	3	915	138.4	224	73	48	19	12	5	116	0	48	0	0	0	0
shane_dm2_2026-08-21_v369.log	dm2	63	3	player	4	3.8	2	0	0	0	67	63.4	3	2	0	14	13.2	28	4	13	88	9	76	71.9	7	0	0	0	3	1	3	0	3	player=1	Joe Rogan=5;Romero=0;Carmack=-2	7	243	230.0	242	63	8	5	3	0	11	0	0	0	0	0	0
shane_dm4_2026-08-26_v371.log	dm4	374	3	player	23	3.7	11	0	0	0	21	3.4	0	8	0	181	29.0	177	222	107	234	72	621	99.6	68	7	6	6	20	15	21	1	42	player=14	Joe Rogan=18;Romero=11;Carmack=22	11	674	108.1	253	76	0	0	0	0	85	6	44	0	0	0	0
shane_dm4_2026-08-26_v372.log	dm4	335	3	player	17	3.0	7	0	0	0	34	6.1	1	12	0	161	28.8	167	40	125	210	97	568	101.7	64	5	5	5	10	14	13	3	38	player=11	Joe Rogan=15;Romero=9;Carmack=14	6	633	113.4	249	78	0	0	0	0	39	4	88	0	0	0	0
shane_dm3_2026-08-27.log	dm3	465	3	player	143	18.4	48	0	0	0	72	9.3	2	21	0	64	8.3	109	20	25	224	69	551	71.1	27	0	0	0	5	14	6	1	10	player=13	Joe Rogan=0;Romero=7;Carmack=5	7	904	116.6	195	78	0	3	3	0	83	0	3039	31	3	0	3
shane_dm3_2026-08-27b.log	dm3	65	3	player	2	1.8	1	2	20.8	0	12	11.1	1	5	0	7	6.5	30	1	3	32	6	58	53.6	2	0	0	0	1	0	1	0	0	player=0	Joe Rogan=0;Romero=0;Carmack=-1	1	130	120.2	156	85	0	0	0	0	2	0	982	5	2	0	1
shane_dm4_2026-08-27_v373.log	dm4	130	3	player	1	0.5	1	0	0	0	16	7.4	1	2	0	62	28.5	90	16	53	103	35	218	100.2	22	1	1	1	7	1	7	0	19	player=1	Joe Rogan=9;Romero=8;Carmack=7	2	369	169.7	253	75	0	0	0	0	19	1	18	0	0	0	16
shane_dm4_2026-08-27_v374.log	dm4	237	3	player	6	1.5	5	1	6.1	0	25	6.3	0	6	0	125	31.6	155	33	91	151	63	363	91.9	53	7	6	6	2	18	3	1	25	player=17	Joe Rogan=2;Romero=6;Carmack=9	7	524	132.7	248	73	0	0	0	0	51	2	62	0	0	0	17
shane_dm4_2026-08-27_v377.log	dm4	96	3	player	4	2.5	2	0	0	0	9	5.6	0	0	0	49	30.6	85	17	28	72	17	142	88.6	21	3	3	3	4	2	4	0	14	player=2	Joe Rogan=11;Romero=0;Carmack=1	11	294	183.4	252	81	0	0	0	0	32	3	13	0	0	0	13
shane_dm4_2026-08-27_v378.log	dm4	333	3	player	9	1.6	6	0	0	0	20	3.6	0	4	0	164	29.5	328	38	130	225	118	522	93.9	74	12	12	12	12	19	13	1	38	player=18	Joe Rogan=15;Romero=5;Carmack=13	10	640	115.2	242	74	0	0	0	0	55	1	129	0	0	0	45
shane_dm2_2026-08-28.log	dm2	308	3	player	111	21.6	67	0	0	0	0	0.0	0	9	0	69	13.5	158	21	42	147	17	420	81.9	34	3	0	3	2	16	3	1	13	player=15	Joe Rogan=1;Romero=0;Carmack=10	10	620	120.9	191	81	6	6	7	8	221	1	26	34	4	0	16
shane_dm3_2026-08-28.log	dm3	12	3	player	0	0.0	0	0	0	0	6	29.0	1	0	0	1	4.8	1	0	0	11	0	22	106.5	1	0	0	0	0	0	0	0	0	player=0	Joe Rogan=0;Romero=0;Carmack=-1	1	43	208.1	162	82	0	0	0	0	0	0	33	1	0	0	0
shane_dm3_2026-08-28b.log	dm3	154	3	player	43	16.8	20	0	0	0	26	10.1	1	7	0	20	7.8	51	4	9	80	136	193	75.3	6	0	0	0	4	3	4	0	2	player=3	Joe Rogan=1;Romero=0;Carmack=4	4	389	151.9	185	83	0	3	3	0	30	0	370	14	0	0	3
shane_dm4_2026-08-28_v393.log	dm4	191	3	player	2	0.6	2	0	0	0	18	5.7	0	2	0	89	28.0	238	21	56	173	67	302	94.9	34	6	5	5	10	5	11	1	20	player=4	Joe Rogan=6;Romero=9;Carmack=6	3	492	154.6	255	77	0	0	0	0	28	4	100	44	6	17	36
shane_dm4_2026-08-28_v393b.log	dm4	253	3	player	8	1.9	3	0	0	0	16	3.8	1	11	0	128	30.3	259	41	81	210	64	395	93.6	57	10	9	9	5	17	7	2	29	player=15	Joe Rogan=7;Romero=7;Carmack=9	2	551	130.6	244	77	0	0	0	0	28	5	119	56	0	21	17
shane_dm4_2026-08-29_v405.log	dm4	302	3	player	7	1.4	4	0	0	0	17	3.4	0	5	0	137	27.2	298	35	94	228	57	469	93.2	59	8	7	7	10	18	11	1	32	player=18	Joe Rogan=14;Romero=10;Carmack=9	5	592	117.7	259	77	0	0	0	0	37	0	139	62	2	28	0
shane_e1m2_2026-09-05_v251.log	e1m2	157	1	player	5	1.9	5	5	7.1	0	0	0.0	0	5	0	2	0.8	15	1	3	4	0	28	10.7	0	0	0	0	1	0	1	0	0	player=0	Carmack=1	0	132	50.5	150	92	11	0	0	0	14	0	325	4	0	0	0
shane_e1m2_2026-09-05_v253.log	e1m2	20	1	player	0	0.0	0	0	0	0	0	0.0	0	0	0	0	0.0	2	0	0	1	0	3	8.9	0	0	0	0	1	0	1	0	0	player=0	Carmack=1	0	21	62.4	176	59	0	0	0	0	1	0	33	1	0	0	0
shane_e1m2_2026-09-05_v260.log	e1m2	102	1	player	14	8.2	14	0	0	0	0	0.0	0	5	0	4	2.3	9	0	7	3	0	57	33.4	1	0	0	0	0	1	0	0	0	player=1	Carmack=0	0	95	55.7	178	92	0	0	0	0	17	0	61	1	0	0	0
shane_e1m3_2026-09-05_v409.log	e1m2	10	1	player	40	240.0	40	0	0	0	0	0.0	0	2	0	2	12.0	8	0	9	3	0	72	432.0	0	0	0	0	0	0	0	0	0	player=0	Carmack=0	0	124	744.0	140	88	1	1	1	0	48	0	62	1	0	0	0
shane_dm2_2026-09-13.log	dm2	414	3	player	224	32.5	175	1	9.6	1	0	0.0	0	21	3	87	12.6	184	16	62	250	32	631	91.4	38	1	0	0	10	17	10	0	13	player=23	Joe Rogan=9;Romero=6;Carmack=6	3	763	110.6	202	82	23	4	4	2	350	0	0	50	7	13	0
shane_e1m2_2026-09-13_v410.log	e1m2	131	3	player	25	11.5	13	0	0	0	0	0.0	0	8	0	20	9.2	29	5	9	44	16	118	54.2	10	0	0	0	0	3	0	0	5	player=3	Joe Rogan=3;Romero=0;Carmack=2	3	444	203.8	228	86	13	0	0	0	18	0	318	5	0	5	0
shane_dm2_2026-09-14.log	dm2	279	3	player	102	21.9	54	4	19.7	1	31	6.7	0	12	2	61	13.1	155	21	53	181	21	356	76.6	28	1	0	1	4	15	7	3	11	player=13	Joe Rogan=4;Romero=5;Carmack=5	1	575	123.7	197	78	14	2	2	4	142	0	12	34	0	9	0
shane_dm4_2026-09-16.log	dm4	273	3	player	11	2.4	5	0	0	0	4	0.9	0	2	1	120	26.3	240	26	79	182	43	386	84.7	53	7	6	6	6	18	9	3	25	player=16	Joe Rogan=7;Romero=5;Carmack=10	5	649	142.5	247	80	0	0	0	0	37	2	93	49	2	23	1
shane_dm4_2026-09-16b.log	dm4	226	3	player	27	7.2	14	3	7.1	2	0	0.0	0	3	3	93	24.7	188	30	56	150	43	367	97.4	36	4	2	2	6	13	6	0	20	player=13	Joe Rogan=10;Romero=4;Carmack=9	6	501	133.0	216	76	0	0	0	0	69	1	19	43	2	16	0
