run	map	started	tick_class	kind	duration_sec	stalls	engages	lava_deaths	world_deaths	freezes	freeze_underfire	cover	goals	frags	deaths	routefails	hazards	grabs	weapons	boards	kd_spread	avg_speed
ab_dm2_airlead1	dm2	2026-09-13 17:26:14	dedicated_fast	bot	184.60	38	28	0	3	2	0	391	5	10	18	0	222	42	11	2	2	184.19
ab_dm2_aitick	dm2	2026-09-05 16:28:05	dedicated_slow	bot	204.90	41	57	0	5	0	0	490	9	17	27	0	226	31	15	3	9	194.46
ab_dm2_aitick_ctl	dm2	2026-09-05 16:38:27	dedicated_slow	bot	198.50	67	39	0	5	2	1	406	8	8	18	0	225	29	12	4	4	176.78
ab_dm2_allyguard	dm2	2026-09-05 11:34:11	dedicated_fast	bot	190.10	50	21	0	5	2	0	425	7	2	14	0	237	18	18	4	5	177.25
ab_dm2_apexgate1	dm2	2026-09-13 22:27:25	dedicated_fast	bot	185.20	97	17	0	0	0	0	367	9	8	8	16	233	20	6	2	1	164.16
ab_dm2_apexgate2	dm2	2026-09-13 22:30:51	dedicated_fast	bot	184.90	17	48	0	0	0	0	422	6	19	19	8	205	51	14	4	2	207.16
ab_dm2_basefix1	dm2	2026-08-29 08:38:25	dedicated_slow	bot	185	33	34	0	1	0	0	422	5	13	15	0	238	51	11	3	4	197.80
ab_dm2_batch2a	dm2	2026-08-29 10:53:42	dedicated_slow	bot	185	43	45	0	3	0	0	375	6	9	23	0	226	47	28	1	3	184.27
ab_dm2_bitem1	dm2	2026-08-20 13:35:16	dedicated_fast	bot	189.90	42	35	0	0	2	2	401	14	6	18	53	212	29	23	0	3	183.80
ab_dm2_bitem2	dm2	2026-08-20 13:40:04	dedicated_fast	bot	190	26	20	0	0	4	0	350	19	6	12	54	200	23	15	0	5	163.78
ab_dm2_boardevt	dm2	2026-08-20 17:45:15	dedicated_fast	bot	189.70	43	32	0	0	1	0	426	25	6	18	60	200	32	41	11	2	180.75
ab_dm2_btncap1	dm2	2026-08-19 13:21:38	dedicated_fast	bot	124.70	53	11	0	0	0	0	268	17	2	8	54	148	0	6	0	3	185.25
ab_dm2_btncap2	dm2	2026-08-19 13:24:32	dedicated_fast	bot	124.70	46	17	0	0	1	0	318	10	8	10	34	156	0	2	0	2	182.63
ab_dm2_btnhold1	dm2	2026-08-19 13:27:44	dedicated_fast	bot	124.80	10	23	0	0	0	0	338	13	10	12	28	121	0	22	0	3	212.48
ab_dm2_btnhold2	dm2	2026-08-19 13:30:21	dedicated_fast	bot	124.90	12	30	0	0	1	0	348	14	11	13	34	113	0	24	0	2	208.73
ab_dm2_camwait	dm2	2026-08-20 06:26:44	dedicated_fast	bot	185.20	38	32	0	0	2	1	406	25	10	16	68	170	0	23	0	2	185.23
ab_dm2_circuit1	dm2	2026-08-20 09:20:30	dedicated_fast	bot	189.90	33	35	0	0	1	0	410	21	13	19	48	209	0	20	0	4	191.61
ab_dm2_circuit2	dm2	2026-08-20 09:28:50	dedicated_fast	bot	189.90	26	39	0	0	1	0	442	27	16	25	54	196	0	20	0	1	194.40
ab_dm2_coldshelf1	dm2	2026-08-19 13:43:17	dedicated_fast	bot	125	13	33	0	0	2	0	331	15	8	16	32	124	0	30	0	10	200.89
ab_dm2_combatfix1	dm2	2026-08-29 08:58:31	dedicated_fast	bot	184.80	39	40	0	3	0	0	382	9	-3	15	0	236	43	7	4	2	192.30
ab_dm2_combatfix2	dm2	2026-08-29 09:02:40	dedicated_fast	bot	184.90	75	33	0	1	0	0	374	8	8	16	0	209	32	21	2	5	177.71
ab_dm2_combatfix3	dm2	2026-08-29 09:06:08	dedicated_fast	bot	184.90	23	42	0	2	0	0	443	9	11	21	0	213	44	10	0	5	201.59
ab_dm2_control_grav	dm2	2026-09-13 10:03:18	dedicated_fast	bot	184.90	66	32	0	2	0	0	431	4	9	15	0	201	33	12	2	3	198.18
ab_dm2_control_main	dm2	2026-09-13 07:59:39	dedicated_fast	bot	184.90	40	49	0	4	0	0	448	10	7	25	0	216	31	15	3	5	192.90
ab_dm2_corridor1	dm2	2026-08-19 08:01:31	dedicated_fast	bot	189.80	46	27	0	0	0	0	421	38	5	19	103	182	0	19	0	8	201.24
ab_dm2_corridor2	dm2	2026-08-19 08:04:43	dedicated_fast	bot	189.80	39	40	0	0	0	0	377	23	7	25	73	161	0	15	0	7	186.55
ab_dm2_corridor_trains3	dm2	2026-08-19 08:09:33	dedicated_fast	bot	189.80	39	35	0	0	2	0	427	21	9	13	42	171	0	33	0	3	185.05
ab_dm2_corridor_trains4	dm2	2026-08-19 08:12:45	dedicated_fast	bot	189.80	54	30	0	0	0	0	348	23	7	19	52	194	0	12	0	9	169.64
ab_dm2_corridor_trains5	dm2	2026-08-19 08:17:25	dedicated_fast	bot	189.80	59	34	0	0	1	0	385	17	11	21	44	150	0	15	0	8	181.14
ab_dm2_corridor_trains6	dm2	2026-08-19 08:20:37	dedicated_fast	bot	189.80	43	38	0	1	0	0	393	21	11	21	52	155	0	8	0	5	180.01
ab_dm2_decklink1	dm2	2026-09-14 10:28:06	dedicated_slow	bot	184.90	60	24	0	1	1	0	368	7	7	11	19	226	20	12	3	1	189.82
ab_dm2_decklink2	dm2	2026-09-14 10:31:21	dedicated_slow	bot	184.80	47	17	0	0	3	2	342	6	5	7	16	234	26	9	2	1	175.34
ab_dm2_dodge	dm2	2026-08-19 21:13:14	dedicated_fast	bot	154.90	29	28	0	0	0	0	439	21	7	16	84	164	0	14	0	5	200.88
ab_dm2_doorretype1	dm2	2026-09-14 11:03:45	dedicated_fast	bot	184.80	42	42	0	3	1	1	437	4	10	18	11	219	51	17	3	1	181.20
ab_dm2_doorretype3	dm2	2026-09-14 11:10:24	dedicated_fast	bot	157.30	36	31	0	1	0	0	401	2	11	13	10	208	35	5	0	2	187.33
ab_dm2_doors	dm2	2026-08-19 06:28:01	dedicated_slow	bot	124.90	24	30	0	0	0	0	336	19	7	22	58	94	0	20	0	4	204.76
ab_dm2_doors2	dm2	2026-08-19 06:30:59	dedicated_slow	bot	107	15	28	0	1	0	0	330	9	0	18	70	80	0	4	0	2	220.09
ab_dm2_doortype	dm2	2026-08-19 06:28:01	dedicated_slow	bot	124.90	24	30	0	0	0	0	336	19	7	22	58	94	0	20	0	4	204.76
ab_dm2_doortype2	dm2	2026-08-19 06:30:59	dedicated_slow	bot	107	15	28	0	1	0	0	330	9	0	18	70	80	0	4	0	2	220.09
ab_dm2_doorverb1	dm2	2026-09-16 07:38:53	listen	bot	184.70	23	40	0	0	1	1	385	4	15	15	14	257	62	18	2	4	187.81
ab_dm2_doorverb2	dm2	2026-09-16 07:41:59	listen	bot	184.90	51	27	0	0	1	0	451	7	11	13	15	216	32	22	2	4	192.61
ab_dm2_doorverb3	dm2	2026-09-16 07:45:05	listen	bot	174.50	44	33	0	0	0	0	414	8	9	13	14	276	44	13	4	4	185.49
ab_dm2_doorverb4	dm2	2026-09-16 07:48:10	listen	bot	172	15	44	0	1	0	0	375	4	13	15	10	210	73	17	0	3	209.08
ab_dm2_doorverb5	dm2	2026-09-16 07:51:16	listen	bot	185	85	31	0	1	3	1	405	9	11	13	19	209	29	18	1	1	162.51
ab_dm2_doorverbctl1	dm2	2026-09-16 07:38:50	listen	bot	184.90	119	21	0	0	1	0	362	9	7	7	13	210	22	18	2	3	163.82
ab_dm2_doorverbctl2	dm2	2026-09-16 07:41:55	listen	bot	184.80	29	55	0	0	2	0	399	5	15	17	14	225	68	34	2	2	189.68
ab_dm2_doorverbctl3	dm2	2026-09-16 07:45:01	listen	bot	173.20	110	17	0	3	2	0	343	2	2	8	16	255	16	2	2	3	156.82
ab_dm2_doorverbctl4	dm2	2026-09-16 07:48:06	listen	bot	172.70	46	27	0	1	1	0	363	5	7	9	12	250	53	13	0	2	177.52
ab_dm2_doorverbctl5	dm2	2026-09-16 07:51:12	listen	bot	185.10	30	42	0	2	1	0	452	10	5	17	10	213	40	30	3	4	203.52
ab_dm2_doorway1	dm2	2026-09-13 12:15:21	dedicated_fast	bot	185	33	30	0	3	0	0	464	8	9	15	0	224	42	15	5	3	191.71
ab_dm2_econbatch1	dm2	2026-08-29 10:18:57	dedicated_slow	bot	185.10	31	32	0	2	0	0	420	5	8	14	0	209	51	15	3	3	194.60
ab_dm2_fightpin1	dm2	2026-09-14 09:33:33	dedicated_fast	bot	185.10	41	36	0	3	0	0	482	11	15	21	11	198	36	13	3	2	209.93
ab_dm2_fightpin2	dm2	2026-09-14 09:44:35	dedicated_fast	bot	185.10	28	31	0	4	0	0	423	5	7	15	14	247	51	18	2	7	193.93
ab_dm2_final_no91	dm2	2026-08-29 10:34:06	dedicated_slow	bot	185	15	50	0	8	0	0	425	9	10	30	0	197	53	43	4	3	204.31
ab_dm2_final_nojumpaccel	dm2	2026-08-29 10:30:44	dedicated_slow	bot	178.90	33	26	0	6	0	0	396	8	2	16	0	198	22	14	3	4	196.38
ab_dm2_finalbatch1	dm2	2026-08-29 10:27:15	dedicated_slow	bot	185.20	41	43	0	6	0	0	408	8	8	24	0	175	40	20	2	3	185.52
ab_dm2_first	dm2	2026-08-17 19:40:13	dedicated_fast	bot	184.70	73	11	0	3	0	0	274	14	0	8	112	266	0	4	0	5	176.23
ab_dm2_gapjump	dm2	2026-08-20 14:10:02	dedicated_fast	bot	154.80	14	34	0	1	2	0	410	16	13	17	42	202	38	4	0	4	199.36
ab_dm2_glide1	dm2	2026-08-28 16:51:04	dedicated_fast	bot	184.80	27	39	0	2	0	0	467	5	11	21	0	226	38	18	2	2	215.15
ab_dm2_gndride1	dm2	2026-08-19 21:21:04	dedicated_fast	bot	154.90	16	39	0	1	1	0	410	29	6	20	44	142	0	30	0	3	221.10
ab_dm2_grate1	dm2	2026-08-19 12:07:35	dedicated_fast	bot	125	25	16	0	0	3	0	275	13	5	9	32	93	0	20	0	3	182.69
ab_dm2_grate2	dm2	2026-08-19 12:20:00	dedicated_fast	bot	124.90	21	25	0	0	1	0	318	12	9	11	31	115	0	9	0	2	195.57
ab_dm2_grate3	dm2	2026-08-19 12:27:17	dedicated_fast	bot	124.80	11	28	0	0	0	0	333	14	12	17	26	117	0	26	0	3	214.74
ab_dm2_gratejump1	dm2	2026-08-28 11:50:54	dedicated_fast	bot	189.80	32	30	0	2	1	0	403	10	7	15	0	222	40	17	4	6	180.00
ab_dm2_hearitem1	dm2	2026-08-20 13:52:35	dedicated_fast	bot	190.10	36	28	0	0	3	0	443	22	10	16	49	247	28	21	0	4	176.03
ab_dm2_holds1	dm2	2026-09-13 09:56:42	dedicated_fast	bot	184.90	74	38	0	3	0	0	332	5	8	16	0	207	37	14	0	3	171.15
ab_dm2_holds2	dm2	2026-09-13 10:00:03	dedicated_fast	bot	184.90	100	17	0	1	0	0	247	2	4	6	0	228	16	3	0	5	154.61
ab_dm2_hunch	dm2	2026-08-27 13:28:11	dedicated_fast	bot	190.10	21	28	0	1	2	0	462	13	7	17	38	256	31	21	7	5	204.29
ab_dm2_island	dm2	2026-08-20 14:32:14	dedicated_slow	bot	155.10	13	33	0	0	0	0	410	20	14	16	59	162	35	21	0	1	198.32
ab_dm2_issuebatch1	dm2	2026-08-28 18:22:36	dedicated_slow	bot	120.20	14	22	0	1	0	0	293	6	8	10	0	131	26	15	2	2	198.71
ab_dm2_itemclock	dm2	2026-08-19 21:02:15	dedicated_fast	bot	155	22	28	0	0	0	0	375	23	5	15	44	156	0	16	0	2	208.51
ab_dm2_jumpceiling1	dm2	2026-09-13 21:20:55	dedicated_fast	bot	184.70	35	44	0	2	1	0	483	11	12	20	17	210	43	32	4	3	211.36
ab_dm2_jumpceiling2	dm2	2026-09-13 21:24:04	dedicated_fast	bot	185	41	48	0	3	1	1	435	9	12	20	15	214	45	17	4	4	189.93
ab_dm2_lava	dm2	2026-08-18 16:42:47	dedicated_fast	bot	189.60	46	55	0	1	0	0	407	22	14	30	108	188	0	7	0	6	193.63
ab_dm2_lava_probe	dm2	2026-08-18 16:40:44	dedicated_fast	bot	119.80	38	24	0	0	0	0	293	8	5	17	60	145	0	9	0	4	187.31
ab_dm2_leadclip1	dm2	2026-09-16 09:53:05	listen	bot	165.10	54	34	0	0	2	0	411	2	12	14	18	209	48	13	0	2	181.22
ab_dm2_leadclip2	dm2	2026-09-16 09:56:12	listen	bot	184.60	29	42	0	1	1	1	502	8	12	16	8	214	52	16	0	2	202.29
ab_dm2_leadclip3	dm2	2026-09-16 09:59:18	listen	bot	185	42	35	0	1	0	0	428	8	7	15	14	235	60	26	1	3	194.36
ab_dm2_leadclip4	dm2	2026-09-16 10:02:24	listen	bot	185	28	43	0	0	1	0	457	6	16	16	14	237	61	23	4	2	213.12
ab_dm2_leadclip5	dm2	2026-09-16 10:05:30	listen	bot	184.90	80	30	0	0	0	0	418	8	10	10	13	237	26	14	1	2	182.00
ab_dm2_lipdrop1	dm2	2026-08-20 22:10:43	dedicated_fast	bot	190.10	31	34	0	0	3	0	415	10	5	19	48	213	51	20	8	3	195.43
ab_dm2_mergecheck1	dm2	2026-09-13 20:51:48	dedicated_fast	bot	185	37	25	0	3	0	0	457	5	5	15	0	222	39	8	2	5	208.43
ab_dm2_mindfix1	dm2	2026-08-29 09:33:52	dedicated_fast	bot	184.90	28	39	0	2	0	0	420	10	5	17	0	242	36	15	2	6	202.04
ab_dm2_mindsafe1	dm2	2026-08-29 09:54:56	dedicated_fast	bot	184.80	33	41	0	3	0	0	458	11	11	23	0	182	48	28	3	8	210.78
ab_dm2_modern	dm2	2026-08-18 13:00:35	dedicated_slow	bot	184.90	94	10	0	0	0	0	284	11	3	5	183	269	0	9	0	2	163.83
ab_dm2_mover1	dm2	2026-09-13 17:04:41	dedicated_fast	bot	184.60	55	34	0	4	1	0	381	5	8	16	0	225	52	23	4	5	173.66
ab_dm2_mover2	dm2	2026-09-13 17:07:54	dedicated_fast	bot	184.90	39	35	0	4	0	0	442	4	6	20	0	204	44	7	1	5	201.14
ab_dm2_movercontrol	dm2	2026-09-13 17:11:09	dedicated_fast	bot	185	51	43	0	5	0	0	390	4	10	22	0	191	41	18	1	7	176.42
ab_dm2_navrestore	dm2	2026-08-21 10:33:47	dedicated_slow	bot	189.90	21	50	0	0	0	0	464	18	15	23	39	202	45	40	6	0	216.02
ab_dm2_omicron	dm2	2026-08-21 11:00:07	dedicated_fast	bot	154.80	20	37	0	0	1	0	395	19	13	17	41	193	31	17	6	5	212.05
ab_dm2_packfresh1	dm2	2026-08-19 17:30:31	dedicated_fast	bot	125.10	10	29	0	0	0	0	334	17	12	14	26	130	0	19	0	3	220.27
ab_dm2_padcool1	dm2	2026-08-21 07:25:25	dedicated_fast	bot	190	28	38	0	1	2	0	473	18	15	19	47	225	55	13	6	5	201.13
ab_dm2_perfbatch1	dm2	2026-08-29 10:06:28	dedicated_fast	bot	185	48	38	0	2	0	0	403	6	13	17	0	177	34	9	2	7	195.77
ab_dm2_perfbatch2	dm2	2026-08-29 10:09:58	dedicated_slow	bot	184.60	40	32	0	2	0	0	442	5	10	14	0	242	31	9	2	2	197.17
ab_dm2_platseat1	dm2	2026-08-19 22:04:54	dedicated_fast	bot	185.10	48	36	0	0	1	0	413	26	8	18	30	158	0	24	0	3	178.93
ab_dm2_platseat2	dm2	2026-08-19 22:10:04	dedicated_fast	bot	185.10	33	38	0	0	3	0	415	24	13	19	44	176	0	67	0	5	191.76
ab_dm2_platwait1	dm2	2026-08-19 19:27:40	dedicated_fast	bot	154.90	23	33	0	5	0	0	415	26	7	23	63	160	0	8	0	5	209.60
ab_dm2_platwait2	dm2	2026-08-19 19:31:11	dedicated_fast	bot	154.90	44	20	0	0	1	0	349	25	3	11	48	202	0	16	0	2	185.50
ab_dm2_prefire	dm2	2026-08-27 17:20:30	dedicated_fast	bot	154.80	20	32	0	0	0	0	409	11	3	17	39	172	39	12	7	4	212.60
ab_dm2_preposition1	dm2	2026-08-20 21:34:50	dedicated_fast	bot	190.10	11	35	0	2	1	0	481	17	15	19	40	236	61	23	11	2	205.49
ab_dm2_rebirth1	dm2	2026-08-28 11:18:38	dedicated_fast	bot	189.70	45	27	0	0	0	0	390	2	8	10	0	253	19	21	1	5	177.80
ab_dm2_retreat3	dm2	2026-08-20 08:42:53	dedicated_fast	bot	155.20	23	20	0	1	4	0	382	15	4	12	59	174	0	10	0	4	169.12
ab_dm2_retreatsupply	dm2	2026-08-26 23:36:20	dedicated_slow	bot	190	35	24	0	0	1	0	408	15	12	16	73	240	30	39	9	4	186.05
ab_dm2_routecache	dm2	2026-08-20 14:44:04	dedicated_slow	bot	154.80	18	35	0	0	0	0	368	15	8	16	51	188	45	23	0	5	196.22
ab_dm2_runup1	dm2	2026-08-28 15:55:56	dedicated_fast	bot	185	38	52	0	2	0	0	489	15	14	24	0	223	35	45	5	5	199.07
ab_dm2_saccade	dm2	2026-08-27 14:09:45	dedicated_fast	bot	154.90	21	35	0	0	2	0	392	11	10	12	32	191	28	20	4	6	204.10
ab_dm2_seatregen1	dm2	2026-09-13 19:54:40	dedicated_fast	bot	185	30	37	0	1	0	0	382	4	11	15	0	218	42	8	2	4	197.94
ab_dm2_seatregen2	dm2	2026-09-13 19:57:49	dedicated_fast	bot	185.10	32	32	0	2	0	0	399	5	13	15	0	217	37	12	3	6	205.58
ab_dm2_shelfsplit1	dm2	2026-09-04 19:04:50	dedicated_slow	bot	178.60	41	41	0	1	1	1	389	12	10	20	0	204	33	9	3	3	177.03
ab_dm2_shelfsplit_mutexnarrow	dm2	2026-09-04 19:00:04	dedicated_slow	bot	178.90	77	18	0	2	0	0	297	3	3	7	0	191	34	8	2	2	162.24
ab_dm2_shootbtn	dm2	2026-08-18 23:06:34	dedicated_fast	bot	189.50	46	45	0	0	0	0	424	26	11	29	80	201	0	3	0	2	202.38
ab_dm2_shootbtn2	dm2	2026-08-18 23:10:11	dedicated_fast	bot	189.90	47	47	0	0	0	0	460	33	4	36	113	177	0	26	0	3	216.39
ab_dm2_shove	dm2	2026-08-27 00:00:19	dedicated_slow	bot	189.80	34	38	0	1	1	0	428	12	8	18	59	221	47	34	6	3	190.66
ab_dm2_sndclass	dm2	2026-08-19 22:25:01	dedicated_fast	bot	154.90	33	23	0	0	3	0	375	22	9	15	35	158	0	14	0	5	173.73
ab_dm2_sndfix_probe	dm2	2026-08-18 17:37:03	dedicated_fast	bot	119.60	36	26	0	0	0	0	322	12	5	17	60	116	0	8	0	1	202.80
ab_dm2_spawnwatch1	dm2	2026-08-28 14:54:12	dedicated_slow	bot	185.20	31	21	0	1	2	0	286	3	8	12	0	243	20	7	1	3	182.88
ab_dm2_spawnwatch2	dm2	2026-08-28 14:57:28	dedicated_slow	bot	184.70	51	33	0	2	0	0	395	11	7	17	0	185	21	28	7	4	175.99
ab_dm2_spawnwatch3	dm2	2026-08-28 15:00:56	dedicated_slow	bot	184.50	34	43	0	2	0	0	438	16	12	23	0	209	43	29	3	2	202.15
ab_dm2_speedprobe	dm2	2026-08-20 07:58:20	dedicated_fast	bot	154.80	24	19	0	0	4	0	274	19	4	14	40	207	0	10	0	9	151.63
ab_dm2_sprint1	dm2	2026-08-21 08:06:33	dedicated_slow	bot	189.80	38	44	0	4	1	0	389	22	9	28	71	229	34	25	5	5	189.87
ab_dm2_sprint2	dm2	2026-08-21 08:11:02	dedicated_slow	bot	189.80	19	28	0	2	0	0	357	14	5	17	41	241	37	17	3	9	190.50
ab_dm2_sprint3	dm2	2026-08-21 08:15:43	dedicated_fast	bot	189.90	27	32	0	3	1	0	436	17	0	24	67	242	30	17	5	8	206.08
ab_dm2_sprint4	dm2	2026-08-21 08:20:20	dedicated_fast	bot	189.90	26	19	0	1	1	0	365	19	-1	12	62	242	24	13	11	7	190.38
ab_dm2_sprint5	dm2	2026-08-21 08:23:56	dedicated_fast	bot	190	16	42	0	2	0	0	483	16	7	27	82	239	49	33	6	8	207.12
ab_dm2_sprint6	dm2	2026-08-21 08:39:14	dedicated_fast	bot	189.90	32	29	0	0	2	0	461	27	3	17	92	251	20	13	7	2	208.98
ab_dm2_stair1	dm2	2026-08-19 13:10:21	dedicated_fast	bot	124.60	23	11	0	0	0	0	311	14	3	7	42	141	0	7	0	4	212.26
ab_dm2_stair2	dm2	2026-08-19 13:14:22	dedicated_fast	bot	125	14	26	0	0	0	0	349	25	10	12	33	118	0	13	0	3	217.11
ab_dm2_trainboard1	dm2	2026-08-19 18:45:25	dedicated_fast	bot	155.10	15	47	0	0	2	0	414	26	12	23	53	139	0	15	0	5	215.09
ab_dm2_trainboard2	dm2	2026-08-19 18:48:44	dedicated_fast	bot	155.10	15	40	0	0	1	0	420	25	6	26	57	151	0	17	0	5	221.12
ab_dm2_trainboard3	dm2	2026-08-19 18:53:29	dedicated_fast	bot	155	30	27	0	0	2	0	380	17	8	12	37	161	0	6	0	3	191.47
ab_dm2_traindormant	dm2	2026-08-19 06:37:51	dedicated_fast	bot	189.90	39	39	0	0	0	0	473	44	-4	32	177	146	0	30	0	5	208.93
ab_dm2_trains	dm2	2026-08-19 06:24:29	dedicated_fast	bot	189.90	79	45	0	0	0	0	428	25	7	23	68	196	0	7	0	1	186.47
ab_dm2_trains2	dm2	2026-08-19 06:32:49	dedicated_fast	bot	189.70	24	47	0	0	1	0	479	30	-2	36	150	147	0	22	0	12	219.24
ab_dm2_unstick	dm2	2026-09-05 16:09:30	dedicated_slow	bot	202.30	29	57	0	5	0	0	448	7	11	31	0	230	56	46	5	10	208.34
ab_dm2_unstick1	dm2	2026-09-13 07:53:05	dedicated_fast	bot	185.10	47	34	0	2	0	0	363	4	10	14	0	242	36	10	2	3	171.50
ab_dm2_unstick2	dm2	2026-09-13 07:56:25	dedicated_fast	bot	184.90	23	27	0	8	0	0	386	4	3	19	0	203	34	5	4	6	193.70
ab_dm2_unstick_ctl	dm2	2026-09-05 15:37:43	dedicated_slow	bot	204.70	199	10	0	0	1	1	160	0	5	5	0	195	10	2	0	1	118.10
ab_dm2_v403_control	dm2	2026-08-29 10:37:40	dedicated_slow	bot	185	63	36	0	2	1	0	329	6	8	14	0	200	44	10	0	5	159.77
ab_dm2_waitnode1	dm2	2026-08-20 08:04:09	dedicated_fast	bot	185	30	36	0	0	2	0	452	28	11	23	52	220	0	24	0	5	195.10
ab_dm2_waitnode2	dm2	2026-08-20 08:08:49	dedicated_fast	bot	185.10	34	31	0	0	2	0	364	29	7	17	42	236	0	19	0	1	167.61
ab_dm2_waitnode3	dm2	2026-08-20 08:12:52	dedicated_fast	bot	184.90	42	26	0	0	3	0	375	27	8	18	56	202	0	19	0	6	180.82
ab_dm2_westdock1	dm2	2026-08-20 16:54:55	dedicated_fast	bot	189.90	24	35	0	0	1	1	449	33	13	19	50	206	33	8	0	4	193.87
ab_dm3_corridor1	dm3	2026-08-20 14:21:13	dedicated_slow	bot	155	17	18	0	0	0	0	397	38	-37	45	429	188	11	3	0	3	217.03
ab_dm3_corridor2	dm3	2026-08-20 14:25:13	dedicated_slow	bot	155.10	23	19	0	0	0	0	308	53	-23	37	346	220	11	6	0	7	174.31
ab_dm3_first	dm3	2026-08-18 07:22:04	dedicated_fast	bot	184.40	29	2	0	0	0	0	347	16	1	1	570	180	0	0	0	1	197.89
ab_dm3_fourbot1	dm3	2026-08-28 23:05:37	dedicated_fast	bot	199.90	36	38	0	0	0	0	601	12	8	20	53	309	18	39	0	4	263.09
ab_dm3_gapsclosed1	dm3	2026-08-28 07:28:06	dedicated_fast	bot	189.40	87	12	0	0	0	0	276	7	3	5	19	126	2	122	0	0	153.51
ab_dm3_gapsclosed2	dm3	2026-08-28 07:36:36	dedicated_fast	bot	190.10	99	2	0	0	0	0	164	8	0	2	51	168	2	92	0	2	125.80
ab_dm3_gapsclosed3	dm3	2026-08-28 07:45:57	dedicated_fast	bot	190	92	11	0	0	0	0	255	7	3	5	26	176	4	1	0	0	140.24
ab_dm3_gapsclosed4	dm3	2026-08-28 08:02:47	dedicated_fast	bot	190.20	84	20	0	0	0	0	314	10	5	7	33	163	5	217	0	1	141.85
ab_dm3_gapsclosed5	dm3	2026-08-28 08:17:27	dedicated_fast	bot	189.90	69	26	0	0	0	0	386	4	10	12	17	246	9	2	3	3	169.01
ab_dm3_gndride	dm3	2026-08-19 21:24:15	dedicated_fast	bot	124.40	20	18	0	0	0	0	357	35	-28	40	275	114	0	0	0	3	216.37
ab_dm3_holds1	dm3	2026-09-13 10:06:34	dedicated_fast	bot	184.90	58	12	0	1	0	0	298	12	0	6	82	214	2	0	3	2	142.63
ab_dm3_islet1	dm3	2026-08-28 10:42:53	dedicated_fast	bot	190	47	9	0	0	0	0	338	17	2	4	42	311	1	2	0	2	166.57
ab_dm3_isletcontrol	dm3	2026-08-28 22:52:33	dedicated_slow	bot	185	74	9	0	0	0	0	320	13	2	6	40	195	2	2	0	1	154.70
ab_dm3_isletentry1	dm3	2026-08-28 22:41:32	dedicated_slow	bot	183.80	51	8	0	0	0	0	376	15	1	5	45	296	3	9	0	2	179.49
ab_dm3_isletentry2	dm3	2026-08-28 22:44:54	dedicated_slow	bot	185.20	78	8	0	0	0	0	303	13	1	5	43	235	2	2	0	2	146.82
ab_dm3_isletentry3	dm3	2026-08-28 22:48:57	dedicated_slow	bot	185.10	67	9	0	0	0	0	309	10	1	5	39	189	1	1	1	2	155.68
ab_dm3_knit1	dm3	2026-08-27 19:11:36	dedicated_fast	bot	184.20	81	23	0	0	0	0	384	6	4	12	35	201	8	1	0	2	164.76
ab_dm3_knit2	dm3	2026-08-27 19:45:18	dedicated_fast	bot	190.10	92	10	0	0	0	0	294	2	4	6	36	198	5	2	5	1	125.13
ab_dm3_knit3	dm3	2026-08-27 19:51:53	dedicated_fast	bot	189.70	61	19	0	0	0	0	357	6	3	9	52	213	19	4	0	2	154.84
ab_dm3_knit4	dm3	2026-08-27 19:58:49	dedicated_fast	bot	190	70	24	0	0	1	0	377	6	3	9	29	192	15	215	3	0	155.68
ab_dm3_knit5	dm3	2026-08-27 20:04:06	dedicated_fast	bot	189.90	114	4	0	0	0	0	204	3	0	4	42	157	3	2	0	3	116.46
ab_dm3_lgwade1	dm3	2026-09-13 14:56:22	dedicated_fast	bot	184.60	49	14	0	0	0	0	284	7	2	4	21	272	5	2	0	2	149.98
ab_dm3_lgwade2	dm3	2026-09-13 14:59:36	dedicated_fast	bot	185	31	7	0	0	0	0	265	12	0	6	61	230	2	7	0	5	142.90
ab_dm3_liftreland	dm3	2026-08-18 12:30:42	dedicated_fast	bot	184.70	33	6	0	0	0	0	373	17	0	0	534	158	0	0	0	0	197.81
ab_dm3_lifts	dm3	2026-08-18 07:34:17	dedicated_fast	bot	184.70	18	7	0	0	0	0	418	20	2	2	663	142	0	1	0	2	195.09
ab_dm3_mover1	dm3	2026-09-13 17:14:23	dedicated_fast	bot	184.80	25	22	0	0	0	0	364	11	5	11	52	234	12	4	0	2	169.43
ab_dm3_padcool	dm3	2026-08-21 07:28:53	dedicated_fast	bot	155	12	19	0	0	0	0	364	69	-32	50	403	210	12	0	0	8	221.20
ab_dm3_platseat	dm3	2026-08-19 22:13:50	dedicated_fast	bot	125	29	13	0	0	0	0	314	26	-27	37	355	125	0	0	0	10	196.32
ab_dm3_platwait	dm3	2026-08-19 19:34:32	dedicated_fast	bot	124.60	57	10	0	0	0	0	250	19	-22	28	241	95	0	0	0	14	196.08
ab_dm3_powerup1	dm3	2026-08-27 21:59:58	dedicated_fast	bot	190	72	27	0	0	1	0	372	4	8	12	29	215	10	75	0	1	154.53
ab_dm3_probation1	dm3	2026-08-28 06:51:07	dedicated_fast	bot	189.50	50	12	0	0	0	0	299	4	4	6	39	292	4	2	0	3	154.18
ab_dm3_ratefix1	dm3	2026-08-29 13:18:09	dedicated_slow	bot	184.60	40	8	0	0	0	0	365	20	-3	9	67	245	5	1	0	3	192.82
ab_dm3_routecache	dm3	2026-08-20 14:46:55	dedicated_slow	bot	154.90	8	17	0	0	0	0	370	52	-23	40	342	221	7	2	0	3	213.55
ab_dm3_seatregen1	dm3	2026-09-13 20:01:40	dedicated_fast	bot	185.20	28	19	0	0	0	0	414	11	4	12	30	193	11	17	0	4	167.59
ab_dm3_seatregen2	dm3	2026-09-13 20:04:48	dedicated_fast	bot	184.90	15	23	0	0	0	0	398	11	11	15	12	255	16	4	0	2	171.24
ab_dm3_tread_probe	dm3	2026-08-18 21:46:13	dedicated_fast	bot	119.70	31	12	0	0	0	0	287	26	-25	33	247	115	0	0	0	7	187.68
ab_dm3_verdictjump1	dm3	2026-08-28 09:33:01	dedicated_fast	bot	190.20	59	16	0	0	0	0	332	6	4	6	44	198	8	153	3	4	158.71
ab_dm3_wade_probe	dm3	2026-08-18 22:03:08	dedicated_slow	bot	119.50	14	14	0	0	0	0	313	27	-24	34	228	141	0	0	0	9	209.20
ab_dm3_water	dm3	2026-08-18 12:34:41	dedicated_slow	bot	184.60	25	12	0	0	0	0	400	20	3	3	434	165	0	0	0	0	190.51
ab_dm3_water1	dm3	2026-08-29 11:00:02	dedicated_slow	bot	184.70	69	2	0	0	0	0	193	13	0	4	35	336	0	0	0	2	158.84
ab_dm3_water_no105	dm3	2026-08-29 11:03:33	dedicated_slow	bot	184.80	68	10	0	0	0	0	298	10	2	6	30	197	5	0	4	4	143.95
ab_dm3_watervault1	dm3	2026-08-27 22:16:16	dedicated_fast	bot	190.20	45	34	0	0	0	0	392	5	8	12	26	215	12	6	0	3	159.47
ab_dm3_wetdepth1	dm3	2026-09-13 12:30:21	dedicated_fast	bot	184.80	21	9	0	0	0	0	346	16	-6	6	61	248	5	1	0	2	175.16
ab_dm3_wetdwell1	dm3	2026-09-13 12:57:09	dedicated_fast	bot	185	54	13	0	0	0	0	358	11	3	5	58	233	7	2	0	0	167.51
ab_dm3_wetground1	dm3	2026-09-13 13:14:43	dedicated_fast	bot	184.90	54	17	0	0	0	0	392	8	5	7	26	208	7	2	0	1	170.30
ab_dm4_A	dm4	2026-08-14 15:05:13	dedicated_fast	bot	184.80	50	53	32	32	0	0	378	72	-22	41	70	0	0	0	0	7	204.41
ab_dm4_B	dm4	2026-08-14 15:14:46	dedicated_fast	bot	184.90	101	50	1	1	0	0	299	48	12	14	22	278	0	0	0	2	157.50
ab_dm4_B2	dm4	2026-08-14 15:19:23	dedicated_fast	bot	184.90	79	52	1	1	0	0	328	45	14	16	19	222	0	0	0	1	178.56
ab_dm4_B3	dm4	2026-08-14 15:24:09	dedicated_fast	bot	184.90	51	52	2	2	0	0	356	47	11	15	38	241	0	0	0	3	184.29
ab_dm4_airlead1	dm4	2026-09-13 17:19:55	dedicated_fast	bot	184.80	14	98	1	2	0	0	358	18	34	38	4	260	65	42	0	5	231.03
ab_dm4_airlead2	dm4	2026-09-13 17:23:04	dedicated_fast	bot	184.90	4	105	6	6	0	0	372	12	28	42	2	248	83	36	0	9	233.34
ab_dm4_allyguard	dm4	2026-09-05 11:31:09	dedicated_fast	bot	180.10	17	88	5	5	1	0	350	17	21	35	22	235	63	42	0	2	213.19
ab_dm4_apex	dm4	2026-08-17 15:10:26	dedicated_fast	bot	184.80	46	68	1	1	0	0	347	37	16	20	17	213	0	34	0	3	204.04
ab_dm4_apexvault	dm4	2026-08-28 10:46:54	dedicated_fast	bot	65.10	9	19	2	2	0	0	176	8	6	10	7	103	23	15	0	3	208.48
ab_dm4_areastreak1	dm4	2026-08-18 14:57:35	dedicated_fast	bot	189.90	10	97	6	6	0	0	391	35	27	43	22	224	0	45	0	8	226.18
ab_dm4_areastreak2	dm4	2026-08-18 15:00:47	dedicated_slow	bot	189.70	18	82	6	6	0	0	364	28	27	40	16	228	0	61	0	10	211.87
ab_dm4_areastreak3	dm4	2026-08-18 15:03:59	dedicated_fast	bot	189.80	27	68	2	2	0	0	363	20	16	30	11	241	0	43	0	5	213.33
ab_dm4_basefix1	dm4	2026-08-29 08:30:13	dedicated_fast	bot	119.90	1	67	7	7	0	0	288	10	13	29	3	145	54	33	0	3	231.85
ab_dm4_basefix2_nolgjuggle	dm4	2026-08-29 08:32:31	dedicated_slow	bot	120	7	37	6	6	0	0	260	11	4	20	4	179	31	29	0	3	214.80
ab_dm4_basefix3	dm4	2026-08-29 08:35:04	dedicated_slow	bot	184.80	2	83	7	7	0	0	362	13	16	36	5	249	52	53	0	9	220.79
ab_dm4_batch2a	dm4	2026-08-29 10:50:31	dedicated_slow	bot	185.10	1	96	5	5	0	0	367	20	20	40	4	237	68	34	0	6	225.02
ab_dm4_beeline	dm4	2026-08-17 15:23:32	dedicated_slow	bot	184.90	58	64	4	4	0	0	390	24	14	24	15	205	0	60	0	4	187.45
ab_dm4_bisect1	dm4	2026-08-18 07:52:13	dedicated_fast	bot	184.80	43	60	10	10	0	0	378	17	17	38	65	232	0	30	0	6	197.68
ab_dm4_bisect2	dm4	2026-08-18 08:02:23	dedicated_fast	bot	184.80	60	44	5	5	0	0	305	12	11	21	38	279	0	30	0	3	178.10
ab_dm4_bisect3	dm4	2026-08-18 08:13:17	dedicated_fast	bot	184.80	12	73	4	5	0	0	365	26	22	32	8	248	0	52	0	1	218.56
ab_dm4_bitem1	dm4	2026-08-20 13:31:49	dedicated_fast	bot	190.10	7	98	5	6	0	0	332	27	27	43	16	255	58	30	0	2	236.40
ab_dm4_bitem2	dm4	2026-08-20 13:43:38	dedicated_fast	bot	189.80	11	90	6	6	0	0	341	29	24	40	13	281	53	47	0	7	229.24
ab_dm4_botskins	dm4	2026-08-17 21:55:23	dedicated_fast	bot	184.80	28	43	3	3	0	0	366	27	13	21	16	269	0	61	0	5	206.72
ab_dm4_botskins2	dm4	2026-08-17 21:59:15	dedicated_fast	bot	184.80	20	68	3	4	0	0	374	31	26	32	13	247	0	49	0	3	219.52
ab_dm4_brinkcurve	dm4	2026-08-17 14:29:25	dedicated_fast	bot	184.90	50	58	2	2	0	0	367	30	19	23	4	242	0	55	0	5	198.12
ab_dm4_button	dm4	2026-08-17 13:28:32	dedicated_fast	bot	184.80	55	60	1	1	0	0	369	24	15	19	25	232	0	34	0	4	186.53
ab_dm4_chat	dm4	2026-08-17 17:51:02	dedicated_slow	bot	184.80	15	65	2	2	0	0	356	31	17	27	25	259	0	42	0	4	215.68
ab_dm4_circuit1	dm4	2026-08-20 09:25:36	dedicated_fast	bot	158.30	5	92	4	4	0	0	308	26	26	38	13	219	0	39	0	2	226.71
ab_dm4_coldshelf	dm4	2026-08-19 13:45:40	dedicated_fast	bot	125.10	5	75	6	6	0	0	250	18	22	34	13	162	0	38	0	10	225.57
ab_dm4_colormap	dm4	2026-08-17 21:36:27	dedicated_fast	bot	184.60	22	64	1	1	0	0	395	32	23	26	10	272	0	32	0	7	214.24
ab_dm4_combatfix1	dm4	2026-08-29 08:55:17	dedicated_slow	bot	184.80	4	95	3	3	0	0	370	25	26	38	4	267	65	52	0	3	225.61
ab_dm4_dbgtape	dm4	2026-08-27 09:50:11	dedicated_slow	bot	125.10	8	63	6	6	0	0	279	15	11	27	15	167	45	41	0	7	227.02
ab_dm4_deadlink1	dm4	2026-09-16 06:56:53	listen	bot	177.80	5	86	4	4	0	0	322	16	21	31	0	279	57	47	0	8	219.63
ab_dm4_deadlink2	dm4	2026-09-16 06:56:54	listen	bot	176.80	8	68	1	1	1	0	358	17	18	24	0	270	61	35	0	4	197.93
ab_dm4_deadlink3	dm4	2026-09-16 06:56:55	listen	bot	176	25	80	5	5	0	0	345	26	21	37	0	251	65	75	0	9	218.09
ab_dm4_deadlink4	dm4	2026-09-16 06:56:56	listen	bot	175.10	3	81	3	3	0	0	280	12	27	33	0	278	65	42	0	7	210.40
ab_dm4_deathanim	dm4	2026-08-17 12:17:56	dedicated_fast	bot	184.70	30	60	5	5	0	0	354	31	8	18	54	240	0	52	0	7	197.91
ab_dm4_deathline	dm4	2026-08-18 09:31:47	dedicated_fast	bot	184.90	17	72	3	3	0	0	345	23	23	31	16	259	0	48	0	10	219.51
ab_dm4_dispguard	dm4	2026-08-17 15:56:55	dedicated_slow	bot	184.80	25	72	2	2	0	0	392	46	26	32	11	234	0	61	0	4	209.57
ab_dm4_dive_parity	dm4	2026-08-27 21:15:55	dedicated_fast	bot	189.90	8	96	2	3	0	0	350	24	32	40	14	254	69	60	0	3	228.51
ab_dm4_dodge1	dm4	2026-08-19 21:07:02	dedicated_fast	bot	154.80	12	73	7	7	0	0	317	23	18	34	10	192	0	42	0	6	230.51
ab_dm4_dodge2	dm4	2026-08-19 21:10:13	dedicated_fast	bot	154.60	9	77	6	6	0	0	316	30	23	37	16	204	0	30	0	5	227.19
ab_dm4_ears1	dm4	2026-08-18 20:20:07	dedicated_fast	bot	189.70	36	48	5	6	0	0	403	23	15	27	8	234	0	43	0	6	219.31
ab_dm4_ears2	dm4	2026-08-18 20:23:19	dedicated_fast	bot	189.70	23	68	1	1	0	0	377	21	21	29	9	280	0	49	0	8	207.16
ab_dm4_ears3	dm4	2026-08-18 20:27:03	dedicated_fast	bot	189.70	22	80	10	10	0	0	342	23	17	41	18	236	0	49	0	9	214.65
ab_dm4_econbatch1	dm4	2026-08-29 10:15:46	dedicated_slow	bot	184.60	7	89	4	5	0	0	343	22	29	41	9	256	61	59	0	4	219.03
ab_dm4_fetchcool	dm4	2026-09-05 08:56:12	dedicated_fast	bot	180	4	100	6	6	0	0	381	26	23	41	10	237	73	53	0	6	226.27
ab_dm4_fightpin1	dm4	2026-09-14 09:38:12	dedicated_fast	bot	185	20	47	3	3	0	0	321	10	19	25	0	305	43	37	0	6	206.57
ab_dm4_fightpin2	dm4	2026-09-14 09:41:25	dedicated_fast	bot	184.90	6	78	4	4	0	0	348	19	22	34	0	281	77	49	0	4	218.39
ab_dm4_finalbatch1	dm4	2026-08-29 10:24:05	dedicated_slow	bot	184.90	2	85	5	7	0	0	397	17	20	38	5	242	71	30	0	6	225.71
ab_dm4_finalbatch2	dm4	2026-08-29 10:41:37	dedicated_slow	bot	184.70	3	83	11	11	0	0	380	14	16	42	11	234	64	59	0	5	232.58
ab_dm4_foemem1	dm4	2026-08-19 07:51:47	dedicated_fast	bot	189.80	15	81	7	7	0	0	360	31	23	37	12	252	0	39	0	5	216.73
ab_dm4_foemem2	dm4	2026-08-19 07:54:59	dedicated_fast	bot	189.80	13	73	4	4	0	0	373	20	19	37	26	252	0	52	0	8	227.65
ab_dm4_frik	dm4	2026-08-17 19:37:06	dedicated_fast	bot	184.70	22	64	7	7	0	0	401	43	22	36	29	253	0	57	0	1	217.00
ab_dm4_frik2	dm4	2026-08-17 19:44:47	dedicated_fast	bot	184.90	25	66	4	4	0	0	394	29	20	28	5	260	0	55	0	2	212.03
ab_dm4_frik3	dm4	2026-08-17 19:48:24	dedicated_fast	bot	184.60	18	60	2	4	0	0	383	31	25	29	10	278	0	21	0	2	207.09
ab_dm4_gapjump1	dm4	2026-08-20 14:01:59	dedicated_fast	bot	189.90	2	94	7	7	0	0	349	26	28	46	21	271	67	63	0	3	230.60
ab_dm4_gapjump2	dm4	2026-08-20 14:06:34	dedicated_fast	bot	189.80	12	94	4	4	0	0	352	20	21	34	12	265	80	41	0	8	227.44
ab_dm4_gapsclosed1	dm4	2026-08-28 07:32:45	dedicated_fast	bot	189.90	13	67	3	3	0	0	378	16	14	30	23	258	43	51	0	8	222.58
ab_dm4_gapsclosed2	dm4	2026-08-28 08:06:25	dedicated_fast	bot	190	34	36	6	6	0	0	300	15	4	18	10	314	30	44	0	5	192.56
ab_dm4_gapsclosed3	dm4	2026-08-28 08:10:06	dedicated_fast	bot	189.80	21	64	2	2	0	0	338	21	21	27	11	267	54	38	0	5	205.24
ab_dm4_gapsclosed4	dm4	2026-08-28 08:14:09	dedicated_fast	bot	190.10	8	90	4	5	0	0	335	18	22	34	13	274	63	51	0	13	221.26
ab_dm4_glide1	dm4	2026-08-28 16:47:50	dedicated_fast	bot	170	5	96	4	4	0	0	319	21	31	39	4	253	75	57	0	4	227.10
ab_dm4_goap	dm4	2026-08-17 22:14:47	dedicated_fast	bot	184.80	21	65	3	3	0	0	351	0	23	29	69	264	0	46	0	7	210.32
ab_dm4_goap2	dm4	2026-08-17 22:21:26	dedicated_fast	bot	184.70	48	48	6	6	0	0	335	24	10	24	35	270	0	37	0	3	186.87
ab_dm4_goap3	dm4	2026-08-17 22:27:22	dedicated_fast	bot	184.80	29	76	1	1	0	0	343	23	30	32	8	228	0	56	0	6	206.47
ab_dm4_goap4	dm4	2026-08-17 22:31:04	dedicated_fast	bot	184.60	23	68	2	2	0	0	318	15	22	30	12	229	0	69	0	6	209.33
ab_dm4_grate	dm4	2026-08-19 12:22:33	dedicated_fast	bot	124.90	4	50	6	6	0	0	301	18	13	25	7	120	0	14	0	5	242.85
ab_dm4_grate2	dm4	2026-08-19 12:29:37	dedicated_fast	bot	125.20	10	50	5	5	0	0	309	19	14	26	14	145	0	22	0	6	232.23
ab_dm4_grate3	dm4	2026-08-19 12:33:15	dedicated_fast	bot	125.10	7	51	2	2	0	0	314	19	15	27	8	164	0	25	0	4	230.71
ab_dm4_gravity1	dm4	2026-09-13 09:22:08	dedicated_fast	bot	184.90	7	101	9	9	0	0	367	17	24	44	2	236	75	38	0	12	224.85
ab_dm4_gravity2	dm4	2026-09-13 09:25:22	dedicated_fast	bot	184.80	3	108	2	2	0	0	346	25	35	47	6	245	82	21	0	9	231.00
ab_dm4_hearitem1	dm4	2026-08-20 13:49:09	dedicated_fast	bot	190	5	107	2	3	0	0	350	32	28	44	19	275	79	59	0	3	240.26
ab_dm4_hearitem2	dm4	2026-08-20 13:56:25	dedicated_fast	bot	189.80	11	93	2	3	0	0	371	29	29	39	19	265	72	44	0	12	223.54
ab_dm4_hunch1	dm4	2026-08-27 13:21:26	dedicated_fast	bot	186.90	5	103	5	5	0	0	370	22	27	45	14	264	74	45	0	10	242.51
ab_dm4_hunch2	dm4	2026-08-27 13:24:50	dedicated_fast	bot	190	11	91	4	4	0	0	371	18	25	37	18	270	70	39	0	7	227.86
ab_dm4_hunchcurve1	dm4	2026-08-29 09:47:54	dedicated_fast	bot	185.10	13	79	11	11	0	0	357	17	10	38	4	270	57	42	0	1	221.68
ab_dm4_investigate1	dm4	2026-08-19 10:59:25	dedicated_fast	bot	189.80	13	86	6	6	0	0	366	22	20	36	10	262	0	41	0	2	222.93
ab_dm4_investigate2	dm4	2026-08-19 11:02:37	dedicated_fast	bot	189.80	9	97	5	5	0	0	337	21	35	44	16	244	0	27	0	5	222.21
ab_dm4_iqgate	dm4	2026-08-27 13:32:39	dedicated_fast	bot	154.90	6	64	2	2	0	0	337	24	21	29	46	227	48	49	0	2	227.80
ab_dm4_island	dm4	2026-08-20 14:29:23	dedicated_slow	bot	155.20	1	77	5	5	0	0	330	19	22	34	12	212	51	54	0	10	233.88
ab_dm4_issuebatch1	dm4	2026-08-28 18:14:51	dedicated_fast	bot	99.60	7	42	6	6	0	0	271	7	4	18	6	145	30	18	0	1	218.09
ab_dm4_issuebatch2	dm4	2026-08-28 18:18:18	dedicated_slow	bot	99.80	3	46	5	5	0	0	261	10	6	20	5	146	24	26	0	2	234.02
ab_dm4_itemclock1	dm4	2026-08-19 20:55:53	dedicated_fast	bot	155	6	82	8	8	0	0	335	29	20	40	13	203	0	39	0	4	233.61
ab_dm4_itemclock2	dm4	2026-08-19 20:59:19	dedicated_fast	bot	155.10	11	67	4	4	0	0	324	18	19	29	12	225	0	44	0	5	226.83
ab_dm4_itemclocks	dm4	2026-08-17 19:00:58	dedicated_fast	bot	184.70	21	54	3	3	0	0	359	12	19	25	36	240	0	39	0	3	213.04
ab_dm4_itemclocks2	dm4	2026-08-17 19:05:12	dedicated_fast	bot	184.90	24	60	4	4	0	0	350	15	17	27	26	234	0	54	0	2	204.97
ab_dm4_jumplinks	dm4	2026-08-17 13:08:17	dedicated_fast	bot	184.60	54	47	0	0	0	0	295	12	7	9	24	224	0	33	0	2	159.42
ab_dm4_killpick	dm4	2026-08-18 21:59:56	dedicated_fast	bot	189.70	24	67	6	6	0	0	322	19	16	32	17	256	0	46	0	4	216.16
ab_dm4_labprobe	dm4	2026-08-28 09:13:49	dedicated_fast	bot	65.20	2	24	3	3	0	0	197	8	1	11	6	92	24	19	0	1	226.92
ab_dm4_leadclip1	dm4	2026-09-16 10:08:38	listen	bot	184.90	4	85	7	7	2	2	318	10	22	36	0	263	72	47	0	6	207.07
ab_dm4_leadclip2	dm4	2026-09-16 10:11:44	listen	bot	185.20	7	95	3	3	0	0	345	13	24	42	0	291	83	62	0	0	226.16
ab_dm4_leadclip3	dm4	2026-09-16 10:14:51	listen	bot	184.90	15	87	7	7	0	0	372	17	22	38	6	267	65	69	0	13	205.43
ab_dm4_leadclip4	dm4	2026-09-16 10:17:57	listen	bot	185	4	97	3	3	2	1	332	17	26	34	0	269	65	51	0	10	224.09
ab_dm4_leadclipb1	dm4	2026-09-16 10:34:46	listen	bot	185.20	3	76	3	3	0	0	333	17	19	29	1	291	49	39	0	5	218.69
ab_dm4_leadclipb2	dm4	2026-09-16 10:37:52	listen	bot	185	1	88	3	3	0	0	344	16	23	35	0	275	57	65	0	11	222.75
ab_dm4_leadclipb3	dm4	2026-09-16 10:40:57	listen	bot	184.90	12	74	4	4	0	0	323	10	17	29	5	299	64	35	0	3	215.14
ab_dm4_leadclipb4	dm4	2026-09-16 10:44:03	listen	bot	185.20	0	98	3	3	0	0	316	23	30	42	0	286	78	60	0	3	215.04
ab_dm4_leadctl1	dm4	2026-09-16 10:21:59	listen	bot	185.10	2	86	4	4	0	0	362	12	20	32	1	286	82	59	0	8	211.42
ab_dm4_leadctl2	dm4	2026-09-16 10:25:09	listen	bot	185.20	3	105	2	2	0	0	320	17	29	39	0	260	93	71	0	9	220.45
ab_dm4_leadctl3	dm4	2026-09-16 10:28:16	listen	bot	184.90	7	88	4	4	0	0	356	13	24	32	0	259	66	41	0	13	217.60
ab_dm4_leadctl4	dm4	2026-09-16 10:31:23	listen	bot	184.80	12	94	5	5	0	0	313	12	26	36	0	286	89	81	0	7	212.66
ab_dm4_leading	dm4	2026-08-18 11:46:55	dedicated_fast	bot	184.80	9	95	3	3	0	0	381	21	22	38	23	233	0	56	0	8	218.25
ab_dm4_learncost1	dm4	2026-08-19 22:20:58	dedicated_fast	bot	154.90	8	55	2	3	0	0	353	35	-10	51	245	176	0	20	0	2	247.18
ab_dm4_learncost2	dm4	2026-08-20 06:43:29	dedicated_fast	bot	184.90	15	93	9	10	0	0	333	24	25	45	12	242	0	40	0	1	229.77
ab_dm4_ledgedrop	dm4	2026-08-27 13:38:33	dedicated_fast	bot	188.90	9	91	5	5	0	0	381	20	30	40	11	271	79	60	0	8	232.06
ab_dm4_ledgedrop2	dm4	2026-08-27 13:44:19	dedicated_fast	bot	155.20	8	78	2	4	0	0	313	18	19	33	11	226	58	38	0	1	226.30
ab_dm4_lgwade1	dm4	2026-09-13 15:02:58	dedicated_fast	bot	185	1	91	3	5	0	0	366	15	28	36	9	247	67	39	0	4	223.34
ab_dm4_lgwade2	dm4	2026-09-13 15:06:10	dedicated_fast	bot	184.90	11	78	4	4	0	0	345	12	20	34	13	249	58	27	0	4	222.65
ab_dm4_liftdormant	dm4	2026-08-18 07:38:34	dedicated_fast	bot	184.60	40	61	7	7	0	0	367	18	14	30	51	248	0	53	0	1	196.65
ab_dm4_liftdormant2	dm4	2026-08-18 07:42:38	dedicated_fast	bot	184.90	62	67	8	8	0	0	351	15	11	31	66	237	0	50	0	6	192.25
ab_dm4_liftreland	dm4	2026-08-18 12:27:35	dedicated_fast	bot	184.70	14	56	6	6	0	0	330	20	17	29	24	262	0	55	0	6	210.35
ab_dm4_lipdrop	dm4	2026-08-20 22:18:45	dedicated_fast	bot	154.80	4	65	5	5	0	0	317	18	14	32	12	218	40	28	0	4	236.48
ab_dm4_liptol	dm4	2026-08-17 17:03:06	dedicated_slow	bot	184.80	16	66	2	2	0	0	364	41	23	29	16	274	0	54	0	5	208.55
ab_dm4_mergecheck1	dm4	2026-09-13 20:47:59	dedicated_fast	bot	185.20	8	104	5	6	0	0	381	18	35	47	7	241	80	39	0	4	230.01
ab_dm4_mid	dm4	2026-08-14 15:10:51	dedicated_fast	bot	184.80	42	58	26	26	0	0	397	67	-16	36	62	0	0	0	0	4	223.09
ab_dm4_mindfix1	dm4	2026-08-29 09:15:15	dedicated_fast	bot	185	10	82	4	4	0	0	365	20	14	32	5	253	58	46	0	5	226.23
ab_dm4_mindfix2	dm4	2026-08-29 09:30:28	dedicated_fast	bot	185.10	11	91	5	5	0	0	356	14	22	40	5	272	61	43	0	4	220.95
ab_dm4_mindfix3	dm4	2026-08-29 09:40:50	dedicated_fast	bot	184.60	6	84	10	10	0	0	360	22	22	42	4	266	57	42	0	8	226.16
ab_dm4_mindfix_nofov	dm4	2026-08-29 09:37:19	dedicated_fast	bot	185.10	10	83	6	7	0	0	334	13	15	35	4	250	57	53	0	8	216.57
ab_dm4_mindsafe1	dm4	2026-08-29 09:44:22	dedicated_fast	bot	184.80	7	94	6	6	0	0	365	20	21	37	18	255	63	52	0	7	227.70
ab_dm4_mindsafe2	dm4	2026-08-29 09:51:27	dedicated_fast	bot	184.70	6	89	8	8	0	0	373	19	18	36	3	258	64	31	0	5	224.65
ab_dm4_mindskill1	dm4	2026-08-27 18:53:13	dedicated_fast	bot	189.80	3	99	6	6	0	0	355	19	27	43	13	258	75	44	0	2	231.21
ab_dm4_nearfix	dm4	2026-08-17 15:52:44	dedicated_slow	bot	184.70	43	68	7	8	0	0	354	32	18	32	32	210	0	31	0	5	199.45
ab_dm4_opmc1	dm4	2026-08-18 20:30:44	dedicated_fast	bot	189.90	16	94	4	5	0	0	340	31	33	43	17	265	0	36	0	5	217.62
ab_dm4_opmc2	dm4	2026-08-18 20:33:56	dedicated_fast	bot	189.80	12	84	7	8	0	0	320	21	21	37	15	245	0	29	0	7	218.59
ab_dm4_packfresh	dm4	2026-08-19 17:33:11	dedicated_fast	bot	124.70	6	60	3	4	0	0	283	24	15	25	8	164	0	40	0	8	236.19
ab_dm4_packs1	dm4	2026-08-18 21:39:49	dedicated_fast	bot	189.90	21	78	6	7	0	0	346	22	21	37	12	229	0	43	0	2	212.95
ab_dm4_packs2	dm4	2026-08-18 21:43:01	dedicated_fast	bot	189.20	15	63	7	7	0	0	362	28	15	31	18	262	0	31	0	2	225.71
ab_dm4_padfix	dm4	2026-08-18 13:22:57	dedicated_fast	bot	184.70	9	67	2	2	0	0	365	29	21	29	21	253	0	63	0	9	220.83
ab_dm4_pair_bisect2	dm4	2026-08-18 08:06:33	dedicated_slow	bot	184.80	52	62	11	12	0	0	334	18	10	32	73	250	0	34	0	12	189.49
ab_dm4_pair_v316	dm4	2026-08-18 08:06:33	dedicated_slow	bot	184.80	31	60	3	3	0	0	356	27	16	22	35	229	0	22	0	1	197.01
ab_dm4_parity	dm4	2026-08-18 14:57:35	dedicated_fast	bot	189.90	10	97	6	6	0	0	391	35	27	43	22	224	0	45	0	8	226.18
ab_dm4_parity_v320	dm4	2026-08-18 12:37:48	dedicated_fast	bot	184.80	7	92	1	1	0	0	386	28	31	39	14	226	0	62	0	6	228.77
ab_dm4_parity_v36	dm4	2026-08-17 14:01:31	dedicated_fast	bot	184.80	39	72	3	4	0	0	372	31	16	24	41	246	0	34	0	4	196.61
ab_dm4_perfbatch1	dm4	2026-08-29 10:03:17	dedicated_fast	bot	185	7	93	6	6	0	0	398	19	28	40	4	272	62	31	0	2	228.53
ab_dm4_pitfear1	dm4	2026-08-28 16:38:58	dedicated_fast	bot	184.90	8	84	5	5	0	0	389	23	21	39	3	261	50	40	0	0	234.80
ab_dm4_pitfear2	dm4	2026-08-28 16:42:19	dedicated_fast	bot	184.90	12	64	9	9	0	0	357	20	17	35	5	266	37	34	0	7	221.30
ab_dm4_powerup1	dm4	2026-08-27 21:56:38	dedicated_fast	bot	189.90	8	90	5	6	1	0	363	32	25	35	14	275	66	43	0	2	225.95
ab_dm4_prefire1	dm4	2026-08-27 17:17:02	dedicated_fast	bot	189.50	7	104	3	3	0	0	336	26	29	41	14	262	71	47	0	2	234.61
ab_dm4_preposition1	dm4	2026-08-20 21:38:23	dedicated_fast	bot	189.90	0	105	8	9	0	0	347	20	28	47	15	270	68	53	0	9	240.62
ab_dm4_preposition2	dm4	2026-08-20 21:42:20	dedicated_fast	bot	189.90	6	105	7	7	0	0	353	21	26	46	13	271	76	58	0	2	232.55
ab_dm4_probation	dm4	2026-08-28 06:54:50	dedicated_fast	bot	189.80	5	82	12	12	0	0	374	21	12	38	17	253	56	54	0	3	230.81
ab_dm4_probation2	dm4	2026-08-28 06:58:44	dedicated_fast	bot	190.10	9	96	6	7	0	0	347	27	21	41	12	258	67	38	0	6	225.93
ab_dm4_pursue	dm4	2026-08-17 16:48:14	dedicated_slow	bot	184.60	41	43	5	5	0	0	319	14	6	18	20	291	0	28	0	6	191.25
ab_dm4_range1	dm4	2026-08-27 13:53:01	dedicated_fast	bot	190	5	95	6	6	0	0	372	25	17	38	15	288	64	30	0	10	227.65
ab_dm4_range2	dm4	2026-08-27 13:56:42	dedicated_fast	bot	189.90	8	95	7	8	0	0	368	30	15	41	13	291	55	55	0	8	232.80
ab_dm4_range3	dm4	2026-08-27 14:00:28	dedicated_fast	bot	189.80	16	73	5	5	0	0	354	18	17	34	14	278	63	54	0	9	218.12
ab_dm4_ratefix1	dm4	2026-08-29 13:14:56	dedicated_slow	bot	185	4	89	4	5	0	0	362	20	23	35	2	252	72	39	0	5	228.28
ab_dm4_retreat	dm4	2026-08-18 11:50:56	dedicated_fast	bot	184.90	25	53	4	4	0	0	349	22	11	23	31	253	0	44	0	10	199.55
ab_dm4_retreat2	dm4	2026-08-18 11:55:12	dedicated_slow	bot	184.60	15	69	7	7	0	0	369	30	16	32	27	224	0	50	0	2	216.37
ab_dm4_retreat3	dm4	2026-08-20 08:33:20	dedicated_fast	bot	185.10	8	105	4	5	0	0	330	32	33	45	17	278	0	54	0	8	231.04
ab_dm4_retreat4	dm4	2026-08-20 08:36:51	dedicated_fast	bot	184.90	2	107	3	3	0	0	314	38	36	43	19	260	0	59	0	8	238.68
ab_dm4_retreat5	dm4	2026-08-20 08:47:59	dedicated_fast	bot	154.50	8	77	5	5	0	0	284	20	18	34	10	220	0	43	0	2	225.95
ab_dm4_retreatsupply1	dm4	2026-08-26 23:32:49	dedicated_slow	bot	189.90	11	83	2	3	0	0	351	15	27	33	10	270	66	52	0	7	215.69
ab_dm4_revertcheck	dm4	2026-08-17 19:09:49	dedicated_fast	bot	184.50	16	68	3	3	0	0	380	26	22	28	21	276	0	52	0	3	205.68
ab_dm4_ringhonesty	dm4	2026-08-27 22:19:50	dedicated_fast	bot	190	7	94	9	9	0	0	353	16	20	38	14	266	55	45	0	7	224.55
ab_dm4_ringhonesty2	dm4	2026-08-27 22:23:46	dedicated_fast	bot	189.90	9	88	6	6	0	0	362	24	23	36	11	285	55	52	0	12	217.27
ab_dm4_rjbisect	dm4	2026-08-18 14:36:25	dedicated_slow	bot	189.80	10	79	10	10	0	0	396	27	19	39	43	244	0	46	0	7	213.35
ab_dm4_rjbisect2	dm4	2026-08-18 14:39:37	dedicated_slow	bot	189.70	14	86	1	1	0	0	383	31	32	34	18	237	0	44	0	2	208.35
ab_dm4_rjump	dm4	2026-08-17 20:14:02	dedicated_fast	bot	184.80	22	59	7	7	0	0	412	31	13	27	6	260	0	34	0	5	215.92
ab_dm4_rjump2	dm4	2026-08-17 20:19:43	dedicated_fast	bot	184.80	26	55	6	6	0	0	393	33	15	29	29	213	0	33	0	10	213.49
ab_dm4_rjump3	dm4	2026-08-17 20:24:08	dedicated_slow	bot	184.80	25	53	5	5	0	0	354	37	17	27	28	271	0	17	0	4	207.64
ab_dm4_romero1	dm4	2026-08-28 15:21:11	dedicated_slow	bot	185.10	11	77	7	7	0	0	359	19	22	38	16	251	63	48	0	3	221.39
ab_dm4_routecache	dm4	2026-08-20 14:40:33	dedicated_slow	bot	189.90	5	81	3	3	0	0	349	24	22	38	27	267	54	43	0	1	223.38
ab_dm4_routegen	dm4	2026-08-17 15:44:30	dedicated_slow	bot	184.60	57	67	10	11	0	0	355	22	3	23	72	230	0	39	0	7	190.70
ab_dm4_routegen2	dm4	2026-08-17 15:48:23	dedicated_slow	bot	184.70	33	73	2	2	0	0	357	35	25	31	7	213	0	30	0	4	200.76
ab_dm4_runup1	dm4	2026-08-28 15:59:42	dedicated_fast	bot	184.90	14	79	7	7	0	0	361	16	19	37	4	247	52	49	0	5	233.29
ab_dm4_runup2	dm4	2026-08-28 16:06:19	dedicated_fast	bot	185	5	89	3	3	0	0	341	18	26	34	4	292	62	50	0	15	227.69
ab_dm4_runup3	dm4	2026-08-28 16:10:57	dedicated_slow	bot	185	8	83	6	6	0	0	348	20	20	37	10	260	57	54	0	12	220.93
ab_dm4_runup4	dm4	2026-08-28 16:16:09	dedicated_slow	bot	184.70	5	95	4	5	0	0	356	22	14	36	3	265	65	54	0	5	225.81
ab_dm4_saccade1	dm4	2026-08-27 14:04:48	dedicated_fast	bot	190	8	103	6	6	0	0	373	24	26	44	14	281	65	58	0	8	229.77
ab_dm4_scramble1	dm4	2026-08-27 18:45:38	dedicated_fast	bot	189.90	9	81	6	6	0	0	343	26	23	37	16	266	82	41	0	1	225.25
ab_dm4_scramble2	dm4	2026-08-27 18:49:06	dedicated_fast	bot	189.70	3	96	10	10	0	0	359	25	15	43	14	275	68	40	0	2	226.87
ab_dm4_seatfilter	dm4	2026-09-05 08:10:21	dedicated_fast	bot	179.90	18	73	5	5	1	1	365	17	23	35	9	264	57	57	0	4	219.11
ab_dm4_seatregen1	dm4	2026-09-13 19:37:39	dedicated_fast	bot	185	20	70	2	2	0	0	340	24	22	32	0	273	45	47	0	1	212.40
ab_dm4_seatregen2	dm4	2026-09-13 19:40:48	dedicated_fast	bot	185.10	6	84	3	3	0	0	345	18	28	36	0	271	58	44	0	8	231.89
ab_dm4_shelffix1	dm4	2026-08-18 14:46:32	dedicated_slow	bot	189.70	12	84	7	7	0	0	368	27	22	42	22	221	0	49	0	14	218.27
ab_dm4_shelffix2	dm4	2026-08-18 14:49:45	dedicated_slow	bot	189.70	22	65	6	7	0	0	364	28	21	33	45	220	0	29	0	10	205.63
ab_dm4_shelffix3	dm4	2026-08-18 14:52:57	dedicated_slow	bot	189.70	12	88	4	4	0	0	345	22	30	38	16	246	0	40	0	7	219.44
ab_dm4_shelfsplit1	dm4	2026-09-04 19:08:17	dedicated_slow	bot	178.90	3	95	10	11	0	0	345	19	16	40	8	212	62	37	0	2	233.55
ab_dm4_shelfsplit2	dm4	2026-09-04 19:12:40	dedicated_slow	bot	177.20	1	86	4	4	0	0	366	13	25	37	10	233	68	55	0	8	228.42
ab_dm4_shelfsplit_mutexnarrow	dm4	2026-09-04 18:54:49	dedicated_slow	bot	178.80	15	60	4	4	0	0	371	14	17	25	15	264	45	28	0	4	210.72
ab_dm4_shipctl1	dm4	2026-09-16 06:31:37	listen	bot	178.90	5	74	4	4	0	0	365	15	12	28	0	262	60	47	0	4	220.27
ab_dm4_shipctl2	dm4	2026-09-16 06:31:51	listen	bot	178.90	16	78	3	4	1	1	360	18	25	36	0	262	82	36	0	5	210.89
ab_dm4_shipctl3	dm4	2026-09-16 06:34:54	listen	bot	177	9	72	1	1	0	0	311	20	22	29	0	301	37	50	0	4	208.40
ab_dm4_shipctl4	dm4	2026-09-16 06:34:55	listen	bot	176.30	20	51	1	1	0	0	290	9	19	21	0	311	42	43	0	4	190.65
ab_dm4_shipnew1	dm4	2026-09-16 06:31:51	listen	bot	178.80	11	55	5	5	0	0	342	12	9	27	0	300	55	46	0	3	196.08
ab_dm4_shipnew2	dm4	2026-09-16 06:31:52	listen	bot	178.40	12	80	3	3	1	1	357	23	17	33	0	263	64	26	0	6	215.54
ab_dm4_shipnew3	dm4	2026-09-16 06:34:56	listen	bot	175.30	12	81	3	3	2	1	336	20	29	35	0	259	68	52	0	4	212.47
ab_dm4_shipnew4	dm4	2026-09-16 06:34:57	listen	bot	174.60	18	65	5	5	0	0	328	9	14	26	0	288	64	49	0	3	196.70
ab_dm4_shove1	dm4	2026-08-26 23:56:49	dedicated_slow	bot	189.80	10	79	6	7	0	0	351	24	22	36	17	279	48	62	0	2	224.26
ab_dm4_sinkfix	dm4	2026-08-18 14:19:19	dedicated_fast	bot	189.80	3	97	3	3	0	0	357	28	36	46	19	224	0	50	0	4	231.20
ab_dm4_sinkfix2	dm4	2026-08-18 14:22:32	dedicated_fast	bot	189.80	24	72	7	7	0	0	371	35	16	32	38	228	0	41	0	10	208.01
ab_dm4_sinkfix3	dm4	2026-08-18 14:27:40	dedicated_fast	bot	189.90	21	74	9	9	0	0	355	19	13	37	18	265	0	73	0	11	214.61
ab_dm4_sinkfix4	dm4	2026-08-18 14:30:52	dedicated_fast	bot	189.80	20	69	7	7	0	0	397	30	14	32	19	240	0	48	0	9	211.58
ab_dm4_skill0	dm4	2026-08-17 16:16:29	dedicated_slow	bot	184.90	43	50	2	2	0	0	369	26	18	22	17	219	0	42	0	5	192.87
ab_dm4_skill1	dm4	2026-08-17 16:13:12	dedicated_slow	bot	184.80	34	80	6	6	0	0	375	25	10	26	8	230	0	43	0	3	198.28
ab_dm4_slotpersona	dm4	2026-08-19 07:22:04	dedicated_fast	bot	189.80	18	71	2	2	0	0	373	25	24	32	11	244	0	38	0	12	217.27
ab_dm4_sndclass	dm4	2026-08-19 22:17:06	dedicated_fast	bot	154.60	9	54	9	9	0	0	304	26	8	30	9	205	0	27	0	8	219.68
ab_dm4_spawnwatch1	dm4	2026-08-28 14:00:53	dedicated_fast	bot	29.70	0	13	0	0	0	0	113	4	4	4	3	50	10	9	0	3	217.91
ab_dm4_spawnwatch2	dm4	2026-08-28 14:01:39	dedicated_fast	bot	90.10	1	44	5	5	0	0	243	7	6	20	7	126	26	17	0	2	226.97
ab_dm4_spawnwatch3	dm4	2026-08-28 14:04:33	dedicated_fast	bot	90.10	11	35	1	1	0	0	259	10	11	15	5	136	30	27	0	2	217.07
ab_dm4_spawnwatch4	dm4	2026-08-28 14:06:22	dedicated_fast	bot	90.30	5	43	4	4	0	0	245	11	8	18	5	123	24	18	0	7	223.74
ab_dm4_spawnwatch5	dm4	2026-08-28 14:08:04	dedicated_fast	bot	185.30	11	78	3	3	0	0	359	17	24	36	14	260	48	38	0	5	221.87
ab_dm4_spawnwatch6	dm4	2026-08-28 14:51:01	dedicated_fast	bot	184.70	8	88	3	3	0	0	355	22	27	39	16	279	60	50	0	11	233.72
ab_dm4_speedprobe1	dm4	2026-08-20 07:51:17	dedicated_fast	bot	184.90	4	105	2	2	0	0	335	45	39	47	12	253	0	43	0	8	233.83
ab_dm4_speedprobe2	dm4	2026-08-20 07:54:52	dedicated_fast	bot	185.10	5	110	5	6	0	0	325	22	36	51	20	237	0	44	0	6	243.30
ab_dm4_springaim1	dm4	2026-08-18 19:52:00	dedicated_fast	bot	189.90	19	56	3	4	0	0	355	27	15	25	8	234	0	51	0	2	204.25
ab_dm4_springaim2	dm4	2026-08-18 19:55:12	dedicated_fast	bot	189.80	23	49	8	8	0	0	371	24	8	24	32	265	0	33	0	8	213.70
ab_dm4_springaim3	dm4	2026-08-18 19:59:35	dedicated_fast	bot	189.40	16	71	6	6	0	0	383	22	18	33	16	237	0	27	0	7	219.65
ab_dm4_springaim4	dm4	2026-08-18 20:02:47	dedicated_fast	bot	189.50	18	64	4	4	0	0	346	25	17	31	19	229	0	55	0	4	221.02
ab_dm4_springaim5	dm4	2026-08-18 20:07:11	dedicated_fast	bot	189.70	16	63	6	6	0	0	370	28	16	28	19	264	0	39	0	7	214.70
ab_dm4_springaim6	dm4	2026-08-18 20:12:49	dedicated_fast	bot	189.90	15	68	3	3	0	0	359	34	22	30	21	246	0	36	0	7	218.78
ab_dm4_springaim7	dm4	2026-08-18 20:16:01	dedicated_fast	bot	189.60	19	83	8	8	0	0	371	22	17	39	12	222	0	29	0	7	223.30
ab_dm4_sprint	dm4	2026-08-21 08:27:24	dedicated_fast	bot	154.90	12	58	6	6	0	0	316	18	13	31	17	243	44	40	0	2	217.26
ab_dm4_stair	dm4	2026-08-19 13:16:36	dedicated_fast	bot	125.10	5	64	4	4	0	0	266	22	19	29	10	161	0	20	0	2	229.08
ab_dm4_stalldiag	dm4	2026-08-17 15:34:16	dedicated_fast	bot	184.90	44	69	3	3	0	0	381	34	18	25	14	226	0	42	0	5	204.76
ab_dm4_stalldiag2	dm4	2026-08-17 15:38:58	dedicated_slow	bot	184.60	42	68	2	2	0	0	374	35	17	27	10	241	0	59	0	2	196.55
ab_dm4_swimtime1	dm4	2026-08-29 11:07:07	dedicated_slow	bot	185.10	2	77	6	6	0	0	372	19	21	35	11	266	63	26	0	6	219.77
ab_dm4_telefrag	dm4	2026-08-17 13:48:15	dedicated_fast	bot	184.80	49	57	2	2	0	0	337	45	15	19	31	251	0	28	0	8	190.87
ab_dm4_tremorclock1	dm4	2026-08-29 13:00:51	dedicated_slow	bot	185	6	103	8	8	0	0	363	14	19	45	5	257	74	30	0	11	237.21
ab_dm4_tremorclock2	dm4	2026-08-29 13:04:34	dedicated_slow	bot	184.70	4	85	8	8	0	0	375	24	16	38	6	243	56	26	0	7	237.40
ab_dm4_tremorclock3	dm4	2026-08-29 13:08:15	dedicated_slow	bot	184.90	2	86	7	7	0	0	372	19	16	37	4	241	68	44	0	6	222.00
ab_dm4_unstick	dm4	2026-09-05 15:56:29	dedicated_slow	bot	179.90	20	84	3	5	2	2	355	8	22	32	12	236	59	49	0	3	202.63
ab_dm4_unstick1	dm4	2026-09-13 08:02:54	dedicated_fast	bot	164.10	6	85	4	4	0	0	336	14	25	37	3	228	58	44	0	4	228.01
ab_dm4_v313restore	dm4	2026-08-17 20:32:44	dedicated_fast	bot	184.90	18	64	4	4	0	0	402	32	15	27	13	280	0	52	0	4	215.09
ab_dm4_v316control	dm4	2026-08-18 07:57:53	dedicated_fast	bot	184.50	23	65	2	2	0	0	357	35	19	30	18	273	0	47	0	9	200.50
ab_dm4_v317	dm4	2026-08-18 08:45:11	dedicated_fast	bot	184.60	27	66	2	2	0	0	381	28	21	27	14	229	0	57	0	2	203.25
ab_dm4_v317b	dm4	2026-08-18 08:48:33	dedicated_fast	bot	184.70	17	56	6	6	0	0	375	19	16	28	14	236	0	53	0	6	215.64
ab_dm4_v317c	dm4	2026-08-18 08:52:19	dedicated_fast	bot	184.60	13	77	2	2	0	0	381	29	25	33	28	244	0	52	0	7	218.16
ab_dm4_v322	dm4	2026-08-18 13:34:22	dedicated_fast	bot	184.70	17	73	5	6	0	0	364	31	18	34	13	223	0	64	0	7	220.54
ab_dm4_v322b	dm4	2026-08-18 13:37:59	dedicated_fast	bot	184.80	11	84	4	4	0	0	385	34	26	40	17	229	0	41	0	6	222.58
ab_dm4_v323	dm4	2026-08-18 14:01:30	dedicated_fast	bot	189.80	19	59	7	7	0	0	400	30	14	32	32	267	0	47	0	3	213.89
ab_dm4_v323b	dm4	2026-08-18 14:09:49	dedicated_fast	bot	189.80	22	73	7	7	0	0	416	25	19	35	33	232	0	55	0	11	215.15
ab_dm4_v323c	dm4	2026-08-18 14:13:01	dedicated_slow	bot	189.60	14	68	4	4	0	0	361	35	18	28	22	241	0	57	0	8	221.02
ab_dm4_water	dm4	2026-08-18 12:37:48	dedicated_fast	bot	184.80	7	92	1	1	0	0	386	28	31	39	14	226	0	62	0	6	228.77
ab_dm4_weapons	dm4	2026-08-14 16:00:34	dedicated_slow	bot	184.80	30	60	4	4	0	0	392	40	12	20	24	191	0	21	0	9	202.28
ab_dm4_weapons2	dm4	2026-08-14 16:04:14	dedicated_slow	bot	184.90	51	40	2	2	0	0	386	42	7	13	37	194	0	32	0	3	192.16
ab_dm4_westdock	dm4	2026-08-20 16:58:33	dedicated_slow	bot	154.90	7	73	4	4	0	0	337	26	17	29	14	228	51	52	0	7	225.63
ab_dm4_wetdepth1	dm4	2026-09-13 12:33:40	dedicated_fast	bot	184.70	4	78	2	2	0	0	339	20	25	35	9	279	57	34	0	1	224.53
ab_dm4_wetdwell1	dm4	2026-09-13 12:53:57	dedicated_fast	bot	184.80	4	88	2	2	0	0	354	21	26	34	12	263	67	34	0	12	219.67
ab_dm4_wetground1	dm4	2026-09-13 13:11:35	dedicated_fast	bot	185.10	7	90	6	6	0	0	346	13	27	39	11	239	79	40	0	3	226.45
ab_dm4_wjrevert	dm4	2026-08-17 20:28:31	dedicated_fast	bot	184.30	36	56	2	2	0	0	373	28	19	25	6	279	0	61	0	6	207.35
ab_dm4_wtype	dm4	2026-08-18 22:27:36	dedicated_slow	bot	189.80	14	92	12	12	0	0	381	23	17	43	24	218	0	44	0	12	223.40
ab_dm6_first	dm6	2026-08-18 07:08:44	dedicated_fast	bot	184.70	19	69	0	0	0	0	529	47	19	23	10	126	0	54	0	5	232.34
ab_dm6_issuebatch1	dm6	2026-08-28 18:20:26	dedicated_slow	bot	120	6	31	0	0	0	0	330	16	13	15	0	81	24	19	0	4	225.27
ab_dm6_lgwade1	dm6	2026-09-13 15:09:27	dedicated_fast	bot	184.90	18	48	0	0	0	0	510	18	15	17	0	172	29	16	0	4	235.87
ab_dm6_rebirth1	dm6	2026-08-28 11:32:40	dedicated_fast	bot	189.80	14	51	0	0	0	0	487	24	21	23	0	172	60	22	0	2	231.42
ab_dm6_runup1	dm6	2026-08-28 15:52:02	dedicated_fast	bot	184.90	13	58	0	0	0	0	500	23	21	23	0	155	51	28	0	2	230.55
ab_dm6_seatregen1	dm6	2026-09-13 19:44:24	dedicated_fast	bot	185.20	15	60	0	0	0	0	420	22	20	22	0	157	40	30	0	1	217.47
ab_dm6_seatregen2	dm6	2026-09-13 19:47:33	dedicated_fast	bot	185.10	51	41	0	0	1	0	479	20	16	18	0	140	57	27	0	1	220.71
ab_dm6_seatregen3	dm6	2026-09-13 19:50:42	dedicated_fast	bot	185.10	16	55	0	0	0	0	408	25	14	22	0	135	54	28	0	9	226.28
ab_e1m1_doorexit1	e1m1	2026-09-13 08:18:49	dedicated_fast	bot	185.10	68	0	0	2	0	0	178	1	-2	2	0	273	0	0	4	2	184.68
ab_e1m1_doorway1	e1m1	2026-09-13 12:18:28	dedicated_fast	bot	185	78	4	1	4	1	0	185	0	-2	6	0	238	7	0	3	6	178.85
ab_e1m1_doorway2	e1m1	2026-09-13 18:59:40	dedicated_fast	bot	181.20	40	25	2	2	0	0	415	5	7	11	0	135	15	3	6	3	174.82
ab_e1m1_doorway3	e1m1	2026-09-13 19:02:49	dedicated_fast	bot	185.10	36	17	2	2	1	0	412	6	7	11	0	147	14	2	8	3	184.90
ab_e1m1_lipdrop1	e1m1	2026-09-13 11:25:00	dedicated_fast	bot	184.60	94	2	1	3	0	0	147	0	-2	4	0	280	4	0	3	4	166.55
ab_e1m1_lipdrop2	e1m1	2026-09-13 11:28:18	dedicated_fast	bot	185.10	84	4	1	4	0	0	208	1	-2	6	0	242	3	0	3	4	173.15
ab_e1m1_mover1	e1m1	2026-09-13 16:58:21	dedicated_fast	bot	185.10	45	24	3	3	1	0	376	3	7	13	0	179	22	0	7	1	193.97
ab_e1m1_mover2	e1m1	2026-09-13 17:01:33	dedicated_fast	bot	184.90	32	16	0	0	1	0	238	1	8	8	0	153	16	0	9	3	197.80
ab_e1m1_mover3	e1m1	2026-09-13 18:45:52	dedicated_fast	bot	185.20	41	17	1	1	2	0	391	4	8	10	0	171	4	1	7	2	195.37
ab_e1m1_shootsecret1	e1m1	2026-09-14 13:01:52	dedicated_fast	bot	184.90	29	20	0	0	0	0	316	4	6	6	0	166	11	2	7	2	202.26
ab_e1m1_shootsecret2	e1m1	2026-09-14 13:06:07	dedicated_fast	bot	184.90	29	13	0	0	0	0	291	2	5	5	0	198	12	0	6	2	199.38
ab_e1m1_shootsecret3	e1m1	2026-09-14 13:21:32	dedicated_fast	bot	185	37	19	0	0	1	0	220	2	5	5	0	194	16	0	4	2	192.00
ab_e1m1_unstick1	e1m1	2026-09-13 08:06:09	dedicated_fast	bot	184.80	67	0	1	2	0	0	201	2	-2	2	0	260	0	0	5	2	190.58
ab_e1m2_apexgate1	e1m2	2026-09-13 22:17:45	dedicated_fast	bot	185.10	35	23	0	0	1	0	540	11	8	10	18	112	18	17	0	6	213.61
ab_e1m2_apexgate2	e1m2	2026-09-13 22:20:56	dedicated_fast	bot	184.70	67	10	0	0	0	0	359	8	5	5	19	112	3	4	0	2	168.71
ab_e1m2_apexgate3	e1m2	2026-09-13 22:24:11	dedicated_fast	bot	185.10	32	23	0	0	0	0	479	16	10	10	19	154	14	9	1	3	214.26
ab_e1m2_budget1	e1m2	2026-09-14 07:48:50	dedicated_fast	bot	184.80	53	26	0	0	0	0	427	3	7	7	13	155	11	6	2	4	192.31
ab_e1m2_budget2	e1m2	2026-09-14 07:51:58	dedicated_fast	bot	184.80	59	25	0	0	1	0	412	5	8	10	12	184	13	4	6	1	192.58
ab_e1m2_budget3	e1m2	2026-09-14 07:55:06	dedicated_fast	bot	185	45	18	0	0	0	0	469	14	3	7	17	137	7	8	0	3	206.99
ab_e1m2_ceilctl1	e1m2	2026-09-13 22:06:21	dedicated_fast	bot	183.70	46	16	0	0	0	0	561	5	7	7	0	143	14	7	3	1	189.50
ab_e1m2_ceiling1	e1m2	2026-09-13 22:09:36	dedicated_fast	bot	185	49	16	0	0	0	0	397	7	6	8	18	126	16	3	0	2	180.36
ab_e1m2_ceiling2	e1m2	2026-09-13 22:12:47	dedicated_fast	bot	184.80	69	8	0	0	0	0	440	4	4	4	19	121	6	7	0	3	171.13
ab_e1m2_control_main	e1m2	2026-09-13 08:25:21	dedicated_fast	bot	185	50	12	0	0	0	0	453	10	5	5	0	110	6	3	1	2	176.08
ab_e1m2_ctl_main2	e1m2	2026-09-13 12:43:53	dedicated_fast	bot	184.90	46	23	0	0	0	0	494	3	9	11	0	117	13	21	3	3	181.43
ab_e1m2_doorexit1	e1m2	2026-09-13 08:22:09	dedicated_fast	bot	184.80	31	30	0	0	0	0	563	13	15	15	0	147	26	7	1	2	215.48
ab_e1m2_doorway1	e1m2	2026-09-13 12:08:37	dedicated_fast	bot	184.70	43	8	0	0	0	0	335	2	3	3	0	109	11	1	0	2	169.01
ab_e1m2_doorway2	e1m2	2026-09-13 12:12:07	dedicated_fast	bot	184.90	40	24	0	0	0	0	541	8	12	12	0	159	18	8	0	2	211.43
ab_e1m2_padfix1	e1m2	2026-09-14 06:27:35	dedicated_fast	bot	184.80	60	6	0	0	1	0	381	8	3	3	13	133	4	0	1	0	187.06
ab_e1m2_padfix2	e1m2	2026-09-14 06:30:44	dedicated_fast	bot	184.90	64	12	0	0	1	0	360	5	2	6	11	137	7	5	1	1	183.13
ab_e1m2_padfix3	e1m2	2026-09-14 06:37:22	dedicated_fast	bot	184.90	70	6	0	0	0	0	357	8	3	3	18	76	6	0	0	2	171.09
ab_e1m2_seatregen1	e1m2	2026-09-13 20:15:32	dedicated_fast	bot	184.70	71	4	0	0	0	0	343	3	2	2	0	178	2	0	0	2	177.42
ab_e1m2_seatregen2	e1m2	2026-09-13 20:18:41	dedicated_fast	bot	185	42	18	0	0	0	0	411	5	7	7	0	107	10	2	0	1	209.32
ab_e1m2_wetdepth1	e1m2	2026-09-13 12:36:48	dedicated_fast	bot	184.90	42	20	0	0	0	0	423	6	8	8	0	118	10	6	1	3	196.03
ab_e1m2_wetdepth2	e1m2	2026-09-13 12:40:09	dedicated_fast	bot	184.70	54	20	0	0	0	0	426	8	10	10	0	110	21	21	0	5	191.71
ab_e1m2_wetdepth3	e1m2	2026-09-13 12:47:16	dedicated_fast	bot	184.80	69	12	0	0	0	0	410	5	2	6	0	158	13	9	1	1	179.71
ab_e1m2_wetdwell1	e1m2	2026-09-13 12:50:41	dedicated_fast	bot	185	48	24	0	0	0	0	501	5	7	11	0	157	24	7	3	1	209.35
ab_e1m2_wetdwell2	e1m2	2026-09-13 13:00:42	dedicated_fast	bot	184.90	26	21	0	0	0	0	513	2	8	8	0	160	19	11	0	1	220.64
ab_e1m2_wetground1	e1m2	2026-09-13 13:05:07	dedicated_fast	bot	185.10	44	17	0	0	0	0	440	8	8	8	0	139	11	12	0	1	193.78
ab_e1m2_wetground2	e1m2	2026-09-13 13:08:25	dedicated_fast	bot	184.90	30	24	0	0	0	0	484	4	11	11	0	134	26	6	0	2	220.65
ab_e1m5_control_stale	e1m5	2026-09-13 08:41:53	dedicated_fast	bot	184.90	30	6	0	0	9	0	218	7	-1	7	7	246	1	2	0	4	182.05
ab_e1m5_dedupe1	e1m5	2026-09-13 10:15:09	dedicated_fast	bot	185.10	21	8	0	0	17	0	247	1	0	6	1	222	8	7	0	4	141.73
ab_e1m5_doorverb1	e1m5	2026-09-16 11:27:30	listen	bot	184.80	16	32	0	0	6	0	425	9	8	18	0	225	33	12	0	6	187.52
ab_e1m5_doorverb2	e1m5	2026-09-16 11:30:35	listen	bot	184.80	65	12	0	0	4	0	318	3	4	8	0	288	12	8	0	5	160.84
ab_e1m5_doorverb3	e1m5	2026-09-16 11:33:41	listen	bot	185.20	19	19	0	0	5	0	367	9	3	15	4	229	20	7	0	5	189.07
ab_e1m5_doorverb4	e1m5	2026-09-16 11:47:16	listen	bot	184.80	55	0	0	0	7	0	186	3	-2	2	14	152	0	0	1	2	130.11
ab_e1m5_regen1	e1m5	2026-09-13 08:46:20	dedicated_fast	bot	184.70	36	5	0	0	12	0	301	8	-1	5	0	249	11	6	0	3	155.85
ab_e1m5_regen2	e1m5	2026-09-13 08:49:50	dedicated_fast	bot	184.90	17	20	0	0	10	0	328	10	6	12	0	206	14	6	0	2	187.89
ab_e1m6_apexctl1	e1m6	2026-09-13 22:40:21	dedicated_fast	bot	184.80	54	33	0	2	0	0	360	7	11	17	0	319	10	6	1	5	198.80
ab_e1m6_apexctl2	e1m6	2026-09-13 22:43:28	dedicated_fast	bot	185	49	49	0	0	0	0	345	8	19	21	0	312	26	11	1	3	173.34
ab_e1m6_apexgate1	e1m6	2026-09-13 22:34:00	dedicated_fast	bot	185.20	78	19	2	3	0	0	292	5	4	10	7	366	14	8	3	6	156.11
ab_e1m6_apexgate2	e1m6	2026-09-13 22:37:07	dedicated_fast	bot	185	54	43	1	2	2	0	440	9	10	16	6	294	15	5	1	3	185.90
ab_e1m6_doorverb1	e1m6	2026-09-16 11:14:36	listen	bot	184.60	105	23	1	1	0	0	318	6	6	8	13	344	13	4	1	4	157.74
ab_e1m6_doorverb2	e1m6	2026-09-16 11:17:42	listen	bot	184.90	55	47	0	0	0	0	350	6	10	16	5	344	15	12	2	2	163.03
ab_e1m6_doorverb3	e1m6	2026-09-16 11:20:47	listen	bot	185	94	2	0	1	1	0	149	1	0	2	12	450	1	0	1	0	95.72
ab_e1m6_doorverb4	e1m6	2026-09-16 11:23:53	listen	bot	184.80	28	42	0	0	0	0	335	5	14	14	6	388	15	12	3	4	159.58
ab_e1m6_doorverbb1	e1m6	2026-09-16 11:36:49	listen	bot	182.10	40	33	2	2	0	0	390	3	9	13	2	346	20	0	1	4	170.47
ab_e1m6_doorverbb2	e1m6	2026-09-16 11:39:55	listen	bot	162.50	56	24	0	1	2	0	308	3	8	10	10	304	18	2	1	1	149.29
ab_e1m6_doorverbb3	e1m6	2026-09-16 11:43:00	listen	bot	184.80	49	19	0	2	1	0	250	2	5	9	11	368	5	0	2	4	143.33
ab_e1m7_doortype1	e1m7	2026-09-14 06:41:21	dedicated_fast	bot	184.80	2	125	0	8	0	0	376	13	27	47	11	172	67	17	0	2	210.58
ab_e1m7_doortype2	e1m7	2026-09-14 06:44:31	dedicated_fast	bot	184.90	4	124	0	9	0	0	379	19	31	52	28	159	84	10	2	4	206.99
ab_e1m7_jumpceiling1	e1m7	2026-09-13 21:27:26	dedicated_fast	bot	185.10	0	141	0	4	1	0	389	17	39	57	21	135	94	15	2	9	218.18
ab_e1m7_seatregen1	e1m7	2026-09-13 20:25:58	dedicated_fast	bot	185	2	134	0	4	0	0	376	19	42	54	0	150	98	33	1	7	221.96
ab_e1m7_seatregen2	e1m7	2026-09-13 20:29:07	dedicated_fast	bot	185	5	130	0	8	0	0	405	7	32	52	0	142	106	22	2	6	218.54
ab_e1m7_shipped1	e1m7	2026-09-13 20:22:05	dedicated_fast	bot	185	1	130	0	3	1	0	391	17	38	48	0	137	79	33	2	4	210.49
ab_e1m7_shipped2	e1m7	2026-09-13 20:32:24	dedicated_fast	bot	184.60	1	145	0	9	0	0	375	18	33	57	0	155	112	27	4	14	219.41
ab_e1m7_shutbox1	e1m7	2026-09-14 06:50:44	dedicated_fast	bot	184.90	2	106	0	10	0	0	450	24	16	42	1	191	76	37	3	4	222.18
ab_e1m7_shutbox2	e1m7	2026-09-14 06:53:52	dedicated_fast	bot	184.90	2	106	0	4	2	2	338	18	29	37	4	153	62	26	1	5	196.97
ab_e1m7_shutbox3	e1m7	2026-09-14 06:57:06	dedicated_fast	bot	184.80	1	102	0	7	1	1	352	19	25	41	17	118	90	57	4	1	192.63
ab_e1m8_apexctl1	e1m8	2026-09-13 22:53:40	dedicated_fast	bot	184.90	72	0	1	1	0	0	131	2	-1	1	23	324	0	0	0	1	121.71
ab_e1m8_apexgate1	e1m8	2026-09-13 22:47:00	dedicated_fast	bot	184.70	41	12	4	4	0	0	270	6	0	8	43	293	8	0	0	2	143.82
ab_e1m8_apexgate2	e1m8	2026-09-13 22:50:22	dedicated_fast	bot	185.20	48	9	4	4	0	0	211	4	-2	6	34	273	9	1	0	2	125.07
ab_e1m8_control_main	e1m8	2026-09-13 09:02:28	dedicated_fast	bot	185.10	38	12	4	4	0	0	248	2	-1	7	25	286	8	2	0	2	144.53
ab_e1m8_gravity1	e1m8	2026-09-13 09:12:33	dedicated_fast	bot	185.10	58	1	5	5	0	0	198	4	-5	7	65	322	1	0	0	3	141.73
ab_e1m8_qconly1	e1m8	2026-09-13 09:15:46	dedicated_fast	bot	162.80	22	8	0	0	0	0	219	4	4	4	28	259	10	4	0	3	158.27
ab_e1m8_qconly2	e1m8	2026-09-13 09:18:55	dedicated_fast	bot	185	26	22	4	4	0	0	254	2	2	10	22	281	13	4	0	1	156.12
ab_e1m8_seatregen1	e1m8	2026-09-13 20:40:02	dedicated_fast	bot	184.70	55	9	3	3	1	0	260	13	-4	10	108	269	8	0	0	6	154.87
ab_e1m8_shipped1	e1m8	2026-09-13 20:36:16	dedicated_fast	bot	185.10	37	37	2	2	0	0	313	3	13	17	29	230	40	2	0	3	160.37
ab_lqdm2_first_real	lqdm2	2026-08-27 00:29:29	dedicated_fast	bot	125.10	8	46	0	0	0	0	414	12	14	14	12	122	42	15	0	3	256.12
ab_lqdm2_rebirth1	lqdm2	2026-08-28 15:11:19	dedicated_slow	bot	184.70	5	71	0	0	0	0	505	10	24	26	0	151	61	12	0	3	248.94
ab_lqdm2_seatregen1	lqdm2	2026-09-13 20:08:32	dedicated_fast	bot	184.90	14	42	0	0	0	0	470	14	14	14	0	220	28	21	0	1	228.98
ab_lqdm2_seatregen2	lqdm2	2026-09-13 20:11:41	dedicated_fast	bot	185	5	65	0	0	0	0	514	20	18	19	0	174	47	36	0	2	230.94
band_dm2_1	dm2	2026-09-15 23:08:21	listen	bot	185	77	17	0	0	1	0	312	9	4	4	20	245	35	12	0	1	150.43
band_dm2_2	dm2	2026-09-15 23:08:21	listen	bot	184.80	86	20	0	3	0	0	390	6	6	12	15	226	37	4	3	5	171.08
band_dm2_3	dm2	2026-09-15 23:11:26	listen	bot	185	65	25	0	1	0	0	387	6	7	9	15	243	45	18	2	3	175.58
band_dm2_4	dm2	2026-09-15 23:40:26	listen	bot	185	64	24	0	1	1	0	376	6	8	12	12	260	25	6	1	1	174.01
band_dm2_5	dm2	2026-09-15 23:43:32	listen	bot	184.90	31	40	0	1	0	0	481	14	16	16	15	243	46	35	3	2	213.71
band_dm2_6	dm2	2026-09-15 23:46:37	listen	bot	184.30	37	38	0	5	0	0	464	3	7	19	14	252	44	12	2	3	185.93
band_dm4_1	dm4	2026-09-15 23:11:26	listen	bot	185.10	10	82	5	5	0	0	370	14	19	35	11	296	66	51	0	1	218.03
band_dm4_2	dm4	2026-09-15 23:14:32	listen	bot	185.20	8	68	5	5	2	1	355	19	12	28	4	294	42	90	0	7	204.56
band_dm4_3	dm4	2026-09-15 23:14:32	listen	bot	184.80	5	88	4	4	0	0	343	17	22	36	0	283	68	58	0	4	212.68
band_e1m5_1	e1m5	2026-09-16 11:04:59	listen	bot	159.70	40	4	0	0	5	0	191	3	-1	5	12	146	4	4	0	3	135.87
band_e1m5_2	e1m5	2026-09-16 11:08:05	listen	bot	184.90	15	29	0	0	4	0	355	6	13	15	0	261	18	11	0	4	189.29
band_e1m5_3	e1m5	2026-09-16 11:11:10	listen	bot	172.80	8	32	0	0	12	0	332	10	10	16	0	183	26	10	0	5	177.04
band_e1m5_b1	e1m5	2026-09-16 11:50:54	listen	bot	185	39	16	0	0	8	0	267	6	5	11	16	134	16	6	0	2	164.09
band_e1m5_b2	e1m5	2026-09-16 11:54:00	listen	bot	184.80	15	22	0	0	4	0	364	10	9	13	0	274	12	7	0	9	193.34
band_e1m6_1	e1m6	2026-09-16 10:52:23	listen	bot	184.90	64	25	0	0	1	0	303	7	5	7	13	352	6	2	3	1	137.28
band_e1m6_2	e1m6	2026-09-16 10:55:33	listen	bot	184.70	67	42	0	0	3	0	315	4	14	16	5	318	34	0	1	1	154.98
band_e1m6_3	e1m6	2026-09-16 10:58:40	listen	bot	184.90	75	10	0	0	1	0	233	1	4	4	6	410	3	1	2	1	131.19
band_e1m6_4	e1m6	2026-09-16 11:01:49	listen	bot	158	61	20	1	3	0	0	304	4	6	11	8	285	6	1	2	2	160.22
bisect_dm2_v407_1	dm2	2026-09-15 23:12:40	listen	bot	184.80	56	25	0	1	0	0	414	1	9	11	0	229	32	19	1	4	170.34
bisect_dm2_v407_2	dm2	2026-09-15 23:15:46	listen	bot	184.80	46	33	0	2	0	0	420	6	8	15	0	231	66	9	2	6	190.48
bisect_dm2_v407_3	dm2	2026-09-15 23:18:51	listen	bot	185.10	81	24	0	1	0	0	363	4	9	13	0	293	33	22	1	2	159.12
bisect_dm2_v407_4	dm2	2026-09-15 23:21:57	listen	bot	184.50	51	19	0	3	0	0	338	5	4	10	0	247	25	13	5	1	158.29
bisect_dm2_v408_1	dm2	2026-09-15 23:25:03	listen	bot	185	55	36	0	5	0	0	392	8	5	17	0	245	16	9	2	10	183.91
bisect_dm2_v408_2	dm2	2026-09-15 23:28:09	listen	bot	172.90	25	32	0	3	0	0	369	7	8	14	0	230	61	33	2	3	196.10
bisect_dm2_v408_3	dm2	2026-09-15 23:31:17	listen	bot	174.30	55	29	0	3	0	0	429	6	5	15	0	223	46	27	4	4	193.21
bisect_dm2_v408_4	dm2	2026-09-15 23:34:22	listen	bot	185.20	49	45	0	2	0	0	423	14	11	21	0	252	51	39	2	6	183.65
bisect_dm2_v409_1	dm2	2026-09-15 23:37:28	listen	bot	185	128	19	0	3	0	0	252	3	4	10	0	284	25	15	0	2	144.92
bisect_dm2_v409_2	dm2	2026-09-15 23:40:34	listen	bot	185	86	40	0	1	1	0	347	5	12	14	0	215	55	11	1	0	167.91
bisect_dm2_v409_3	dm2	2026-09-15 23:43:39	listen	bot	185	43	41	0	2	2	0	434	9	15	21	0	224	30	24	3	4	181.37
bisect_dm2_v409_4	dm2	2026-09-15 23:46:45	listen	bot	184.20	44	37	0	1	0	0	390	4	13	19	0	245	58	18	2	7	190.00
bodyblock_dm4_1	dm4	2026-09-15 23:44:04	listen	bot	185	4	67	6	7	0	0	356	13	18	30	0	286	41	46	0	6	205.14
bodyblock_dm4_2	dm4	2026-09-15 23:47:10	listen	bot	184.30	7	76	1	2	0	0	370	14	24	28	0	286	56	49	0	0	215.31
bodyblock_dm4_3	dm4	2026-09-15 23:50:16	listen	bot	185	2	92	2	2	0	0	330	17	22	34	0	287	78	49	0	2	213.77
campaign_e1m1_companion	e1m1	2026-09-04 13:56:50	dedicated_slow	human	24.80	0	0	0	0	1	0	11	0	0	0	0	1	0	0	0	0	72.54
cmp_coop_dm4_uncontended	dm4	2026-09-04 21:48:39	dedicated_fast	bot	175.10	7	98	6	6	0	0	321	17	31	44	11	220	66	44	0	7	213.64
coop_e1m1_doorctl	e1m1	2026-09-05 10:45:53	dedicated_fast	bot	174.90	85	0	0	0	6	1	36	0	0	0	0	130	0	0	0	0	87.18
coop_e1m1_doorfix	e1m1	2026-09-05 10:48:50	dedicated_fast	bot	174.90	61	0	0	0	4	0	42	0	0	0	0	133	1	0	0	0	93.98
coop_e1m2_probe1	e1m2	2026-09-13 10:28:14	dedicated_fast	bot	184.60	2	2	0	0	2	0	81	0	0	0	0	14	11	0	4	0	128.82
coop_e1m2_probe2	e1m2	2026-09-13 10:31:32	dedicated_fast	bot	179.50	52	3	0	0	0	0	71	0	0	0	0	94	6	0	0	0	109.03
coop_e1m2_probe3	e1m2	2026-09-13 10:34:34	dedicated_slow	bot	179.80	49	4	0	0	2	0	89	0	0	0	0	45	13	0	2	0	107.46
coop_e1m2_probe4	e1m2	2026-09-13 10:37:36	dedicated_fast	bot	179.40	37	6	0	0	0	0	91	0	0	0	0	105	11	0	0	0	125.31
coop_e1m2_session1	e1m2	2026-09-04 22:51:26	dedicated_slow	bot	231.40	1	0	0	0	0	0	22	0	0	0	0	0	1	0	0	0	99.57
coop_e1m2_waterfix	e1m2	2026-09-05 00:19:13	dedicated_fast	bot	173.90	22	7	0	0	2	0	110	0	0	0	0	75	11	0	1	0	127.98
coop_e1m2_waterpin1	e1m2	2026-09-13 12:06:21	dedicated_fast	bot	120.80	1	1	0	0	0	0	28	0	0	0	0	1	1	0	0	0	79.33
coop_e1m2_wet_ctl3	e1m2	2026-09-13 13:05:03	dedicated_fast	bot	784.10	0	1	0	0	0	0	26	0	0	0	0	3	3	0	0	0	66.23
coop_e1m2_wet_ctl6	e1m2	2026-09-13 13:08:24	dedicated_fast	bot	584.10	0	2	0	0	0	0	37	0	0	0	0	9	6	0	0	0	69.00
coop_e1m2_wet_fix3	e1m2	2026-09-13 13:05:03	dedicated_fast	bot	784.20	254	3	0	0	0	0	101	0	0	0	0	487	19	0	0	0	100.17
coop_e1m2_wet_fix6	e1m2	2026-09-13 13:08:24	dedicated_fast	bot	584.10	228	5	0	0	0	0	85	0	0	0	0	334	27	0	0	0	90.27
coop_e1m6_fetchcool	e1m6	2026-09-05 08:44:22	dedicated_slow	bot	155.20	7	1	0	0	0	0	64	0	0	0	8	33	0	0	0	0	206.52
coop_e1m6_oldgraph	e1m6	2026-09-05 06:42:35	dedicated_slow	bot	174.60	212	0	0	0	2	0	19	0	0	0	17	12	0	0	0	0	14.70
coop_e1m6_seatfilter	e1m6	2026-09-05 08:01:29	dedicated_fast	bot	174.60	6	0	0	0	0	0	11	0	0	0	400	1	0	0	0	0	22.92
ctl_dm2_shelfsplit1	dm2	2026-09-04 19:03:17	dedicated_slow	bot	178.80	32	49	0	7	0	0	416	10	6	24	0	170	45	9	4	2	188.33
ctl_dm4_shelfsplit1	dm4	2026-09-04 19:00:52	dedicated_slow	bot	178.90	5	71	3	4	0	0	363	17	24	30	13	249	68	54	0	2	217.55
ctl_dm4_shelfsplit2	dm4	2026-09-04 19:12:41	dedicated_slow	bot	177.20	3	72	4	4	0	0	320	13	23	33	11	255	71	20	0	2	208.68
cycle_2026-08-26_2345_dm4	dm4	2026-08-27 09:45:22	dedicated_slow	bot	189.80	7	93	9	9	0	0	348	25	23	46	29	251	67	61	0	6	228.36
graph_dm2_old_1	dm2	2026-09-15 23:18:01	listen	bot	184.80	26	36	0	4	0	0	447	7	2	18	0	238	62	23	3	4	194.31
graph_dm2_old_2	dm2	2026-09-15 23:21:06	listen	bot	184.70	47	28	0	1	2	1	380	6	9	13	3	229	43	15	3	6	190.95
graph_dm2_old_3	dm2	2026-09-15 23:24:12	listen	bot	184.80	95	19	0	2	0	0	308	2	4	11	4	236	42	10	1	3	166.35
graph_dm2_old_4	dm2	2026-09-15 23:27:18	listen	bot	185.10	45	25	0	4	2	0	420	14	9	17	3	257	51	25	6	3	174.13
match2	lqdm2			bot	0	0	0	0	0	0	0	0	0	0	0	0	0	0	0	0	0	0
match_v1	lqdm2		dedicated_fast	bot	119.70	24	0	0	0	0	0	207	76	0	0	0	0	0	0	0	0	200.11
match_v2	lqdm2		dedicated_fast	bot	119.60	34	0	0	0	0	0	251	60	0	0	6	0	0	0	0	0	210.59
match_v3	lqdm2		dedicated_fast	bot	179.70	19	77	0	0	0	0	510	47	27	27	33	0	0	0	0	2	245.38
mx_dm2	dm2	2026-08-28 08:21:00	dedicated_fast	bot	35	3	8	0	0	0	0	137	2	3	3	6	33	7	4	1	2	220.71
mx_dm3	dm3	2026-08-28 18:24:41	dedicated_slow	bot	45.10	15	2	0	0	0	0	94	2	-1	1	12	61	1	0	0	1	154.39
mx_dm4	dm4	2026-08-27 21:20:37	dedicated_fast	bot	35.10	1	16	2	2	0	0	122	3	1	5	3	57	10	6	0	1	209.32
mx_dm6	dm6	2026-08-28 08:21:36	dedicated_fast	bot	35.10	1	11	0	0	0	0	129	4	4	4	4	33	9	4	0	2	233.78
mx_e1m1	e1m1	2026-09-13 08:31:54	dedicated_fast	bot	14.90	6	0	0	0	0	0	55	0	0	0	0	15	0	0	0	0	222.48
mx_e1m5	e1m5	2026-09-13 08:32:09	dedicated_fast	bot	14.40	8	0	0	0	0	0	44	0	0	0	0	17	0	0	0	0	182.24
mx_e1m6	e1m6	2026-09-13 07:34:07	dedicated_fast	bot	39.70	4	10	0	0	0	0	123	1	4	4	0	63	3	0	0	1	179.50
mx_e1m7	e1m7	2026-09-13 07:34:48	dedicated_fast	bot	40	0	30	0	0	0	0	108	4	12	12	0	30	16	3	0	4	183.99
mx_e1m8	e1m8	2026-09-13 07:35:29	dedicated_fast	bot	39.90	2	10	0	0	0	0	87	1	2	2	9	48	8	1	0	1	182.29
mx_lqdm2	lqdm2	2026-08-28 18:25:27	dedicated_slow	bot	44.80	1	18	0	0	0	0	172	3	5	5	0	36	8	7	0	1	227.64
probe_bisrig	dm2	2026-09-15 23:11:52	listen	bot	39.90	9	6	0	1	0	0	115	0	0	4	0	55	10	6	1	3	172.17
probe_bodyblock	dm4	2026-09-15 23:18:57	listen	bot	120	8	52	1	1	0	0	281	15	17	21	0	187	35	26	0	4	211.68
probe_cam_batch	dm4	2026-08-29 08:48:35	dedicated_slow	bot	44.70	4	23	1	1	0	0	153	4	4	8	1	58	8	12	0	3	215.92
probe_camdrive	dm4	2026-08-29 08:49:44	dedicated_slow	bot	88.10	2	36	1	1	0	0	244	13	11	15	2	127	27	15	0	7	223.90
probe_chat4	dm4	2026-08-29 09:18:50	dedicated_fast	bot	105.80	10	30	5	5	0	0	236	9	3	15	2	158	25	15	0	0	202.24
probe_chat4b	dm4	2026-08-29 09:20:50	dedicated_fast	bot	109.50	3	53	4	4	0	0	272	12	18	24	3	151	37	35	0	3	236.64
probe_dm2	dm2	2026-08-19 22:02:30	dedicated_fast	bot	124.80	18	24	0	1	1	0	312	16	5	13	33	114	0	14	0	3	193.17
probe_dm2_edicts	dm2	2026-09-14 07:39:26	dedicated_slow	bot	119.70	19	31	0	0	1	0	288	6	9	11	7	142	32	9	1	2	202.46
probe_dm2_runup_sk3	dm2	2026-08-28 15:45:52	dedicated_fast	bot	185.20	46	19	0	1	0	0	368	9	4	10	0	213	17	16	2	3	190.43
probe_dm3	dm3	2026-08-19 21:16:44	dedicated_fast	bot	49.80	21	1	0	0	0	0	131	10	-14	16	132	42	0	0	0	4	171.47
probe_e1m1_drop	e1m1	2026-09-13 10:25:14	dedicated_fast	bot	119.80	56	0	0	0	1	0	160	1	0	0	0	144	0	0	3	0	179.27
probe_e1m1_floor	e1m1	2026-09-13 11:52:52	dedicated_fast	bot	120.10	58	4	1	3	0	0	193	0	-1	5	0	140	7	0	2	1	168.47
probe_e1m1_stall	e1m1	2026-09-13 11:19:40	dedicated_fast	bot	120	71	4	0	3	0	0	168	2	-1	5	0	155	2	2	3	1	160.49
probe_e1m1_stall2	e1m1	2026-09-13 11:22:06	dedicated_fast	bot	119.90	58	2	0	2	0	0	161	1	0	3	0	188	6	0	3	0	161.80
probe_e1m1_tracewhat	e1m1	2026-09-14 13:19:01	dedicated_fast	bot	119.80	29	15	3	3	0	0	317	4	0	9	0	118	3	1	5	3	178.30
probe_e1m2_edicts	e1m2	2026-09-14 07:38:38	dedicated_fast	bot	39.60	12	0	0	0	0	0	97	1	0	0	4	34	0	0	1	0	190.46
probe_e1m5_tracewhat2	e1m5	2026-09-14 13:17:52	dedicated_fast	bot	59.70	2	0	0	0	3	0	107	1	0	0	0	73	0	0	0	0	167.74
probe_edicts_dm4	dm4	2026-09-05 14:44:42	dedicated_slow	bot	67.60	1	32	3	3	1	1	190	1	9	14	3	77	27	10	0	2	212.80
probe_ftdbg	dm4	2026-08-29 13:11:58	dedicated_slow	bot	25.20	2	9	1	1	0	0	102	2	2	4	2	35	5	2	0	4	232.98
probe_grammar	dm2	2026-09-13 08:15:25	dedicated_fast	bot	90.10	25	22	0	2	1	0	249	5	5	11	0	99	27	4	2	1	171.37
probe_inject_test	dm4	2026-09-04 17:45:57	dedicated_fast	bot	6.70	0	0	0	0	0	0	36	1	0	0	0	11	0	0	0	0	243.90
probe_iq_skill0	dm4	2026-08-27 13:41:53	dedicated_fast	bot	125	17	53	7	7	0	0	285	15	4	22	7	162	40	36	0	1	205.52
probe_iq_skill0b	dm4	2026-08-27 13:47:07	dedicated_fast	bot	124.80	15	49	6	6	0	0	283	15	10	24	7	165	48	35	0	7	213.08
probe_iq_skill0c	dm4	2026-08-27 13:49:38	dedicated_slow	bot	124.70	8	50	3	3	0	0	278	17	8	22	9	161	38	37	0	4	206.71
probe_keydoor	e1m2	2026-09-13 08:28:48	dedicated_fast	bot	120	41	14	0	0	0	0	307	1	5	7	0	82	14	5	0	1	168.90
probe_leadclip_dm2	dm2	2026-09-16 09:21:37	listen	bot	119.80	17	25	0	2	0	0	385	4	8	12	7	154	39	15	0	7	209.18
probe_links_run	dm2	2026-09-16 07:35:58	listen	bot	10.60	0	2	0	0	0	0	47	0	0	0	1	13	9	1	0	0	200.44
probe_lipdbg	dm2	2026-08-20 22:15:32	dedicated_fast	bot	155	17	33	0	0	0	0	353	13	9	17	43	196	35	27	6	4	207.59
probe_netclient_test	dm4	2026-09-04 17:46:04	dedicated_fast	bot	9.80	1	0	0	0	0	0	47	1	0	0	0	14	0	0	0	0	225.85
probe_netfire	dm4	2026-09-13 10:44:10	dedicated_fast	human	40.60	0	23	2	2	0	0	127	3	3	7	1	65	12	12	0	2	222.55
probe_netfire2	dm4	2026-09-13 10:45:52	dedicated_fast	human	64.50	1	37	2	2	0	0	195	7	10	16	3	87	21	10	0	3	230.45
probe_netfire3	dm4	2026-09-13 10:47:46	dedicated_fast	human	77.40	4	42	2	3	0	0	219	7	12	16	2	101	28	14	0	6	234.73
probe_netfire4	dm6	2026-09-13 10:49:17	dedicated_fast	human	86.60	10	17	0	0	0	0	276	17	7	5	0	61	16	16	0	2	217.92
probe_par_a	dm4	2026-09-15 23:06:57	listen	bot	60	1	20	3	4	0	0	186	4	4	10	4	91	16	10	0	2	212.76
probe_par_b	dm2	2026-09-15 23:06:59	listen	bot	60.10	1	15	0	0	0	0	201	0	6	6	3	71	23	1	0	2	206.97
probe_pwrdbg	dm4	2026-08-29 09:23:29	dedicated_fast	bot	149.80	1	77	6	6	0	0	335	17	23	32	2	211	47	26	0	4	241.96
probe_pwrdbg_dm3	dm3	2026-08-29 09:27:58	dedicated_fast	bot	139.80	36	5	0	0	0	0	269	2	1	3	48	198	4	17	0	1	157.63
probe_quadchat_dm3b	dm3	2026-08-29 12:27:15	dedicated_slow	bot	128.70	54	14	0	0	0	0	312	8	6	6	28	225	6	6	1	3	161.75
probe_quadchat_dm4	dm4	2026-08-29 12:23:18	dedicated_slow	bot	199.80	13	103	5	5	0	0	351	18	25	41	6	276	78	47	0	4	210.04
probe_quadchat_drop	dm3	2026-08-29 12:20:12	dedicated_slow	bot	159.50	47	6	0	0	0	0	255	5	0	2	33	265	1	2	0	0	170.59
probe_rate19	dm2	2026-09-15 23:33:31	dedicated_fast	bot	60.10	9	10	0	2	0	0	181	1	2	6	5	65	24	3	0	3	199.66
probe_rostername	dm4	2026-08-28 23:09:35	dedicated_fast	bot	60.20	2	32	4	4	0	0	202	8	3	11	1	81	17	13	0	0	226.03
probe_slow14	dm4	2026-09-15 23:40:56	dedicated_slow	bot	40.10	0	15	1	1	0	0	119	4	5	7	0	52	8	10	0	4	223.67
probe_soak_2026-08-28				bot	0	0	0	0	0	0	0	0	0	0	0	0	0	0	0	0	0	0
probe_soak_2026-08-28b				bot	0	0	0	0	0	0	0	0	0	0	0	0	0	0	0	0	0	0
probe_soak_2026-08-28c				bot	0	0	0	0	0	0	0	0	0	0	0	0	0	0	0	0	0	0
probe_sprint_sk3	dm2	2026-08-21 08:30:09	dedicated_fast	bot	155.10	20	28	0	2	0	0	352	9	5	17	44	203	35	24	5	4	189.12
probe_sprint_sk3b	dm2	2026-08-21 08:34:11	dedicated_fast	bot	154.80	25	20	0	2	0	0	374	17	4	14	63	205	31	12	4	4	202.84
probe_tickpin	dm4	2026-09-15 22:44:37	listen	bot	60.10	4	30	1	1	0	0	172	5	6	12	0	93	15	19	0	2	208.25
probe_tuneproof	dm4	2026-08-27 10:17:02	dedicated_fast	bot	95.60	2	45	4	4	0	0	242	14	3	21	11	144	29	34	0	2	234.47
probe_unstickdbg	dm2	2026-09-13 08:09:37	dedicated_fast	bot	120	32	22	0	2	1	0	285	0	5	9	0	120	26	4	3	4	178.00
qconsole	dm2	2026-08-19 06:30:59	dedicated_slow	bot	107	15	28	0	1	0	0	330	9	0	18	70	80	0	4	0	2	220.09
rate19_dm2_1	dm2	2026-09-15 23:34:37	dedicated_fast	bot	184.90	17	43	0	0	2	1	405	6	14	16	9	203	66	9	2	3	211.88
rate19_dm2_2	dm2	2026-09-15 23:37:42	dedicated_fast	bot	184.90	74	31	0	3	0	0	416	6	7	15	14	214	29	15	3	6	171.34
rate19_dm2_3	dm2	2026-09-15 23:40:48	dedicated_fast	bot	184.90	79	27	0	1	0	0	446	11	9	11	17	195	32	8	1	3	175.91
shane_2026-08-18_v320	dm4	2026-08-18 12:43:46	listen	human	103	5	54	1	3	0	0	275	10	18	21	7	155	0	36	0	5	217.31
shane_dm2_2026-08-18	dm2	2026-08-18 13:06:50	listen	human	492.70	167	107	0	3	0	0	702	33	26	61	386	694	0	11	0	8	181.80
shane_dm2_2026-08-18_v325b	dm2	2026-08-18 17:23:03	listen	human	485.30	128	149	0	1	0	0	735	50	19	99	346	532	0	35	0	22	201.78
shane_dm2_2026-08-18_v329	dm2	2026-08-18 20:48:25	listen	human	624.30	188	182	0	0	0	0	796	71	22	110	425	706	0	51	0	8	196.51
shane_dm2_2026-08-18_v330	dm2	2026-08-18 21:52:25	listen	human	257.10	71	73	0	1	0	0	560	27	14	38	114	295	0	28	0	1	195.79
shane_dm2_2026-08-18_v333	dm2	2026-08-18 22:51:42	listen	human	405.80	90	128	0	2	0	0	699	58	25	76	266	432	0	45	0	5	205.34
shane_dm2_2026-08-18_v334	dm2	2026-08-19 06:11:08	listen	human	374.80	119	100	0	1	0	0	686	44	5	67	226	455	0	29	0	8	194.00
shane_dm2_2026-08-19_v336	dm2	2026-08-19 07:00:23	listen	human	258.70	43	72	0	1	0	0	591	39	4	50	272	253	0	12	0	5	203.85
shane_dm2_2026-08-19_v337	dm2	2026-08-19 07:42:41	listen	human	191.90	45	48	0	1	2	1	496	11	2	24	176	205	0	23	0	2	191.87
shane_dm2_2026-08-19_v340	dm2	2026-08-19 10:53:47	listen	human	196.10	42	50	0	1	0	0	392	18	10	29	42	184	0	8	0	2	181.35
shane_dm2_2026-08-19_v341	dm2	2026-08-19 11:54:31	listen	human	56.20	15	11	0	0	0	0	176	3	3	6	8	70	0	2	0	2	177.26
shane_dm2_2026-08-19_v342	dm2	2026-08-19 12:51:12	listen	human	125.30	37	23	0	1	0	0	325	10	6	15	36	179	0	8	0	6	191.84
shane_dm2_2026-08-19_v342b	dm2	2026-08-19 13:05:48	listen	human	34.10	5	7	0	0	0	0	116	1	3	2	4	35	0	2	0	0	195.34
shane_dm2_2026-08-19_v343	dm2	2026-08-19 13:37:30	listen	human	15.80	0	4	0	0	0	0	70	0	2	1	0	19	0	1	0	1	225.79
shane_dm2_2026-08-19_v344	dm2	2026-08-19 14:01:44	listen	human	156.80	18	44	0	1	0	0	437	9	11	23	49	191	0	10	0	2	206.24
shane_dm2_2026-08-19_v344b	dm2	2026-08-19 16:21:52	listen	human	190.10	13	45	0	0	1	0	496	13	7	28	60	209	0	6	0	5	208.98
shane_dm2_2026-08-19_v344c	dm2	2026-08-19 17:25:48	listen	human	77.10	13	20	0	0	0	0	241	6	5	9	18	86	0	6	0	5	206.04
shane_dm2_2026-08-19_v345	dm2	2026-08-19 18:36:23	listen	human	188.30	43	30	0	0	2	0	377	19	6	18	46	279	0	29	0	5	182.93
shane_dm2_2026-08-19_v346	dm2	2026-08-19 19:21:09	listen	human	112.40	19	28	0	0	1	0	340	12	6	13	52	148	0	15	0	2	200.92
shane_dm2_2026-08-19_v347	dm2	2026-08-19 20:35:32	listen	human	192.30	23	58	0	0	0	0	483	20	13	26	53	189	0	11	0	5	210.12
shane_dm2_2026-08-19_v352	dm2	2026-08-20 06:16:34	listen	human	411.60	60	101	0	2	8	1	728	52	24	46	137	426	0	51	0	6	186.39
shane_dm2_2026-08-20_v356	dm2	2026-08-20 08:22:53	listen	human	153.20	20	43	0	1	4	0	399	15	13	22	42	221	0	8	0	2	185.92
shane_dm2_2026-08-20_v357	dm2	2026-08-20 09:10:09	listen	human	276.50	38	62	0	0	2	0	558	32	19	30	64	328	0	33	0	5	197.26
shane_dm2_2026-08-20_v363	dm2	2026-08-20 16:39:29	listen	human	587.30	62	121	0	1	8	2	917	57	26	80	202	695	123	59	0	9	197.29
shane_dm2_2026-08-20_v365	dm2	2026-08-20 19:37:30	listen	human	398	52	79	0	1	3	0	662	43	14	44	105	514	62	26	19	4	181.87
shane_dm2_2026-08-20_v365b	dm2	2026-08-20 21:24:29	listen	human	328.80	45	76	0	1	1	0	641	32	13	38	70	449	73	47	17	9	194.35
shane_dm2_2026-08-20_v366	dm2	2026-08-20 21:56:04	listen	human	496	68	122	0	0	1	0	799	50	29	56	173	686	87	76	15	13	199.98
shane_dm2_2026-08-20_v367	dm2	2026-08-20 22:39:28	listen	human	340.40	49	79	0	1	1	1	710	25	16	50	107	460	80	55	7	7	197.38
shane_dm2_2026-08-21_v367b	dm2	2026-08-21 07:14:03	listen	human	396.80	47	81	0	4	2	0	729	23	8	46	147	508	77	21	12	3	197.30
shane_dm2_2026-08-21_v369	dm2	2026-08-21 10:26:30	listen	human	63.40	4	14	0	0	0	0	229	8	3	7	67	76	13	9	3	7	195.95
shane_dm2_2026-08-28	dm2	2026-08-28 11:42:08	listen	human	307.80	111	69	0	3	0	0	535	10	11	34	0	420	42	17	7	10	169.43
shane_dm2_2026-09-13	dm2	2026-09-13 21:08:42	listen	human	414	224	87	0	1	2	1	648	9	21	38	0	631	62	32	4	3	168.52
shane_dm2_2026-09-14	dm2	2026-09-14 07:33:07	listen	human	278.90	102	61	0	1	4	0	494	10	14	28	31	356	53	21	2	1	170.26
shane_dm2_snddbg	dm2	2026-08-18 22:21:40	listen	human	52	11	18	0	0	0	0	186	6	3	9	31	56	0	2	0	2	205.47
shane_dm3_2026-08-27	dm3	2026-08-27 21:41:04	listen	human	465.30	143	64	0	0	0	0	779	18	12	27	72	551	25	69	3	7	164.75
shane_dm3_2026-08-27b	dm3	2026-08-27 22:06:34	listen	human	64.90	2	7	0	0	2	0	127	4	-1	2	12	58	3	6	0	1	128.88
shane_dm3_2026-08-28	dm3	2026-08-28 06:44:21	listen	human	12.20	0	1	0	0	0	0	42	1	-1	1	6	22	0	0	0	1	151.84
shane_dm3_2026-08-28b	dm3	2026-08-28 10:31:12	listen	human	153.70	43	20	0	0	0	0	334	9	5	6	26	193	9	136	3	4	166.77
shane_dm4_2026-08-14	dm4	2026-08-14 14:56:11	listen	human	95.70	30	26	11	11	0	0	276	23	-9	17	11	0	0	0	0	2	197.07
shane_dm4_2026-08-14_v31	dm4	2026-08-14 15:35:26	listen	human	139.40	18	72	1	1	0	0	353	39	16	24	18	208	0	0	0	6	219.27
shane_dm4_2026-08-14_v32	dm4	2026-08-17 12:10:55	listen	human	110.80	25	42	0	1	0	0	267	25	15	14	8	159	0	17	0	4	189.99
shane_dm4_2026-08-17_jumps	dm4	2026-08-17 13:17:36	listen	human	172.60	46	58	3	3	0	0	332	23	8	12	21	200	0	34	0	2	178.15
shane_dm4_2026-08-17_night	dm4	2026-08-17 21:21:59	listen	human	290.30	24	129	11	12	0	0	517	54	26	50	26	449	0	50	0	5	217.06
shane_dm4_2026-08-17_v310	dm4	2026-08-17 16:56:41	listen	human	250.50	51	129	2	3	0	0	442	29	48	46	8	362	0	61	0	6	203.01
shane_dm4_2026-08-17_v311	dm4	2026-08-17 17:44:39	listen	human	150.10	16	70	2	2	0	0	354	23	22	24	21	233	0	31	0	3	217.04
shane_dm4_2026-08-17_v312	dm4	2026-08-17 18:53:17	listen	human	183.90	19	84	1	2	0	0	418	28	26	31	10	279	0	24	0	5	221.46
shane_dm4_2026-08-17_v313	dm4	2026-08-17 20:06:16	listen	human	91.40	10	52	0	1	0	0	270	5	14	16	6	125	0	12	0	7	174.09
shane_dm4_2026-08-17_v314	dm4	2026-08-17 21:45:08	listen	human	22.40	2	11	2	2	0	0	88	3	0	5	2	37	0	11	0	3	210.56
shane_dm4_2026-08-17_v33	dm4	2026-08-17 12:53:55	listen	human	61.60	26	17	2	2	0	0	156	13	1	7	15	70	0	4	0	1	183.20
shane_dm4_2026-08-17_v34	dm4	2026-08-17 13:43:44	listen	human	115.10	28	51	0	0	1	0	252	13	19	13	21	140	0	23	0	5	180.04
shane_dm4_2026-08-17_v36	dm4	2026-08-17 14:14:42	listen	human	154.50	40	63	3	4	0	0	344	18	16	26	48	211	0	27	0	3	192.81
shane_dm4_2026-08-17_v36b	dm4	2026-08-17 14:24:18	listen	human	99	30	44	1	1	0	0	258	12	15	12	19	134	0	34	0	5	183.91
shane_dm4_2026-08-17_v37	dm4	2026-08-17 15:05:02	listen	human	191.50	29	104	3	3	0	0	402	36	27	38	8	284	0	69	0	7	217.25
shane_dm4_2026-08-17_v38	dm4	2026-08-17 16:07:51	listen	human	176.40	36	107	2	2	0	0	372	23	40	29	11	212	0	48	0	15	209.59
shane_dm4_2026-08-17_v39	dm4	2026-08-17 16:41:00	listen	human	228.10	42	116	4	4	0	0	386	30	32	33	10	310	0	63	0	11	199.35
shane_dm4_2026-08-18_v316	dm4	2026-08-18 06:58:30	listen	human	283.50	33	147	3	3	0	0	458	27	49	55	16	400	0	85	0	10	210.42
shane_dm4_2026-08-26_v371	dm4	2026-08-26 23:18:39	listen	human	374.20	23	181	6	7	0	0	495	38	51	68	21	621	107	72	0	11	224.32
shane_dm4_2026-08-26_v372	dm4	2026-08-26 23:47:10	listen	human	335	17	161	5	5	0	0	465	26	38	64	34	568	125	97	0	6	222.14
shane_dm4_2026-08-27_v373	dm4	2026-08-27 08:23:38	listen	human	130.50	1	62	1	1	0	0	320	16	24	22	16	218	53	35	0	2	220.75
shane_dm4_2026-08-27_v374	dm4	2026-08-27 10:07:37	listen	human	236.90	6	125	6	7	1	0	384	19	17	53	25	363	91	63	0	7	221.13
shane_dm4_2026-08-27_v377	dm4	2026-08-27 17:09:08	listen	human	96.20	4	49	3	3	0	0	247	14	12	21	9	142	28	17	0	11	233.57
shane_dm4_2026-08-27_v378	dm4	2026-08-27 18:36:57	listen	human	333.40	9	164	12	12	0	0	441	36	33	74	20	522	130	118	0	10	224.69
shane_dm4_2026-08-28_v393	dm4	2026-08-28 16:25:22	listen	human	191	2	89	5	6	0	0	378	24	21	34	18	302	56	67	0	3	227.64
shane_dm4_2026-08-28_v393b	dm4	2026-08-28 16:31:17	listen	human	253	8	128	9	10	0	0	404	21	23	57	16	395	81	64	0	2	223.77
shane_dm4_2026-08-29_v405	dm4	2026-08-29 12:11:18	listen	human	301.90	7	137	7	8	0	0	446	22	33	59	17	469	94	57	0	5	222.05
shane_dm4_2026-09-16	dm4	2026-09-16 06:06:41	listen	human	273.30	11	120	6	7	0	0	493	22	22	53	4	386	79	43	0	5	217.79
shane_dm4_2026-09-16b	dm4	2026-09-16 06:26:01	listen	human	225.90	27	93	2	4	3	2	396	17	23	36	0	367	56	43	0	6	195.47
shane_dm6_2026-08-18_v316	dm6	2026-08-18 07:13:28	listen	human	286.80	20	108	0	0	1	0	677	52	42	32	16	241	0	90	0	8	227.41
shane_e1m2_2026-09-05_v251	e1m2	2026-09-05 09:12:04	listen	human	156.70	5	2	0	0	5	0	118	0	1	0	0	28	3	0	0	0	131.51
shane_e1m2_2026-09-05_v253	e1m2	2026-09-05 11:03:31	listen	human	20.20	0	0	0	0	0	0	18	0	1	0	0	3	0	0	0	0	142.09
shane_e1m2_2026-09-05_v260	e1m2	2026-09-05 14:32:24	listen	human	102.40	14	4	0	0	0	0	87	0	0	1	0	57	7	0	0	0	137.60
shane_e1m2_2026-09-13_v410	e1m2	2026-09-13 14:53:02	listen	human	130.70	25	20	0	0	0	0	409	7	5	10	0	118	9	16	0	3	192.45
shane_e1m3_2026-09-05_v409	e1m2	2026-09-05 17:25:19	listen	human	133.40	40	2	0	0	0	0	104	0	0	0	0	71	9	0	1	0	116.57
slow14_shipped_1	dm4	2026-09-15 23:41:40	dedicated_slow	bot	184.90	4	68	7	7	0	0	348	22	0	26	0	262	54	50	0	2	199.80
slow14_shipped_2	dm4	2026-09-15 23:44:46	dedicated_slow	bot	185	2	61	4	4	0	0	314	9	13	21	0	244	54	48	0	3	205.71
slow14_substep_1	dm4	2026-09-15 23:47:52	dedicated_slow	bot	184.10	0	115	9	9	0	0	363	20	24	47	5	223	79	37	0	7	231.44
slow14_substep_2	dm4	2026-09-15 23:50:58	dedicated_slow	bot	185	5	85	7	7	0	0	363	19	20	42	0	246	64	46	0	11	232.81
smoke_dm4_win	dm4	2026-08-14 14:37:43	dedicated_fast	bot	74.80	18	17	10	10	0	0	229	24	-9	11	24	0	0	0	0	0	221.38
smoke_timelimit	dm4	2026-08-18 14:04:43	dedicated_slow	bot	58.40	3	15	2	3	0	0	198	8	5	9	3	68	0	20	0	4	221.34
snddbg_dm2	dm2	2026-08-18 22:17:33	dedicated_fast	bot	89.80	18	19	0	0	0	0	281	17	-2	15	62	89	0	3	0	1	200.58
soak_2026-08-26_2341_001_dm4	dm4	2026-08-27 09:41:09	dedicated_slow	bot	64.70	1	34	1	1	0	0	188	6	9	13	5	84	25	17	0	3	224.48
soak_2026-08-26_2341_002_dm2	dm2	2026-08-27 09:42:15	dedicated_slow	bot	65.10	10	13	0	0	0	0	203	8	4	6	15	85	19	10	3	4	204.75
soak_2026-08-27_0301_001_dm4	dm4	2026-08-27 13:01:59	dedicated_slow	bot	64.80	0	32	1	1	0	0	166	7	11	17	9	82	31	21	0	2	242.36
soak_2026-08-27_0301_002_dm2	dm2	2026-08-27 13:01:59	dedicated_slow	bot	64.90	3	8	0	0	0	0	183	4	4	4	8	81	19	4	5	2	184.73
soak_2026-08-27_0303_001_dm4	dm4	2026-08-27 13:03:18	dedicated_slow	bot	60	1	28	0	0	0	0	182	6	10	10	4	92	16	21	0	3	218.98
soak_2026-08-28_1257_001_dm2	dm2	2026-08-28 22:57:40	dedicated_fast	bot	190	63	28	0	1	0	0	420	9	11	15	0	241	21	20	2	4	194.11
soak_2026-08-28_1257_002_dm2	dm2	2026-08-28 22:57:40	dedicated_fast	bot	190	46	33	0	1	0	0	343	4	11	13	0	249	58	7	2	4	182.49
soak_2026-08-28_1257_003_dm2	dm2	2026-08-28 23:00:51	dedicated_fast	bot	187.10	47	32	0	1	0	0	453	6	11	15	0	199	30	15	4	1	189.49
soak_2026-08-28_1257_004_dm2	dm2	2026-08-28 23:00:51	dedicated_fast	bot	186.80	22	53	0	3	0	0	463	3	18	26	0	206	49	15	2	5	214.29
spring_dm2_1	dm2	2026-09-15 23:30:42	listen	bot	163.90	21	46	0	0	1	0	424	6	14	16	9	177	42	21	2	1	206.76
spring_dm2_2	dm2	2026-09-15 23:33:48	listen	bot	184.90	22	20	0	0	0	0	374	2	5	9	7	139	11	15	2	4	159.92
spring_dm2_3	dm2	2026-09-15 23:36:53	listen	bot	185	43	46	0	0	0	0	416	5	10	14	18	260	42	10	5	2	187.59
spring_dm2_4	dm2	2026-09-15 23:54:05	listen	bot	184.60	54	39	0	0	0	0	502	10	11	13	14	230	32	15	4	4	188.68
spring_dm2_5	dm2	2026-09-15 23:57:11	listen	bot	184.20	56	36	0	1	0	0	420	6	11	15	13	264	34	21	2	3	174.55
spring_dm2_6	dm2	2026-09-16 00:00:17	listen	bot	184.90	109	14	0	0	0	0	338	10	0	4	20	250	16	10	1	2	150.41
spring_dm4_1	dm4	2026-09-15 23:21:25	listen	bot	184.60	1	97	3	3	0	0	340	16	22	34	0	290	60	66	0	5	221.18
spring_dm4_2	dm4	2026-09-15 23:24:31	listen	bot	185.10	4	63	9	9	0	0	332	15	11	31	0	306	46	45	0	7	208.82
spring_dm4_3	dm4	2026-09-15 23:27:37	listen	bot	184.90	11	70	2	2	1	1	357	19	22	28	0	301	46	50	0	9	193.14
vibe_dm2_1	dm2	2026-09-13 07:28:45	dedicated_fast	bot	184.50	101	28	0	1	2	1	346	6	7	13	0	180	39	26	3	3	163.65
vibe_dm2_2	dm2	2026-09-13 07:44:37	dedicated_fast	bot	184.80	34	30	0	9	0	0	460	9	0	20	0	221	28	8	4	6	196.27
vibe_e1m1_long	e1m1	2026-09-13 07:40:58	dedicated_fast	bot	128.80	65	0	0	0	0	0	156	2	0	0	0	201	0	0	2	0	163.03
vibe_e1m5_edicts	e1m5	2026-09-13 07:38:09	dedicated_fast	bot	149.80	35	12	0	0	0	0	305	7	3	9	11	246	7	2	0	2	208.73
waterfix_dm4	dm4	2026-09-05 00:24:01	dedicated_fast	bot	174.80	24	87	3	4	1	1	328	21	27	35	11	228	66	52	0	2	207.94
